{"stats":{"minecraft:custom":{"minecraft:jump":26,"minecraft:time_since_rest":2417,"minecraft:sprint_one_cm":3137,"minecraft:leave_game":1,"minecraft:play_time":2417,"minecraft:damage_taken":40,"minecraft:time_since_death":2417,"minecraft:walk_one_cm":1354,"minecraft:total_world_time":2417,"minecraft:fall_one_cm":1669,"minecraft:fly_one_cm":4396},"minecraft:mined":{"minecraft:red_mushroom_block":1,"minecraft:grass_block":1,"minecraft:dark_oak_leaves":2},"minecraft:picked_up":{"minecraft:red_mushroom":2,"minecraft:dirt":1}},"DataVersion":3465}