{"stats":{"minecraft:custom":{"minecraft:time_since_rest":11970,"minecraft:crouch_one_cm":27,"minecraft:play_time":11970,"minecraft:sprint_one_cm":31923,"minecraft:damage_taken":180,"minecraft:walk_one_cm":17299,"minecraft:sneak_time":123,"minecraft:mob_kills":2,"minecraft:jump":185,"minecraft:damage_dealt":159,"minecraft:leave_game":2,"minecraft:time_since_death":11970,"minecraft:total_world_time":11970,"minecraft:fall_one_cm":7978,"minecraft:fly_one_cm":272217},"minecraft:mined":{"minecraft:grass":1,"minecraft:grass_block":2,"minecraft:dark_oak_leaves":5,"minecraft:red_mushroom_block":1},"minecraft:used":{"minecraft:white_wool":1,"minecraft:dirt":38},"minecraft:killed":{"minecraft:sheep":2},"minecraft:picked_up":{"minecraft:dark_oak_sapling":1,"minecraft:wheat_seeds":1,"minecraft:red_mushroom":2,"minecraft:mutton":4,"minecraft:dirt":2,"minecraft:white_wool":2}},"DataVersion":3465}