{"stats":{"minecraft:used":{"minecraft:egg":1},"minecraft:custom":{"minecraft:jump":10,"minecraft:open_chest":1,"minecraft:time_since_rest":9721,"minecraft:crouch_one_cm":180,"minecraft:leave_game":1,"minecraft:sprint_one_cm":5238,"minecraft:play_time":9721,"minecraft:walk_on_water_one_cm":679,"minecraft:time_since_death":9721,"minecraft:walk_one_cm":4168,"minecraft:sneak_time":189,"minecraft:total_world_time":9721,"minecraft:fly_one_cm":395124},"minecraft:picked_up":{"minecraft:egg":1}},"DataVersion":3953}