{"stats":{"minecraft:killed_by":{"minecraft:player":1},"minecraft:custom":{"minecraft:jump":99,"minecraft:time_since_rest":84,"minecraft:deaths":1,"minecraft:damage_dealt":272,"minecraft:crouch_one_cm":83,"minecraft:leave_game":2,"minecraft:play_time":5935,"minecraft:sprint_one_cm":5346,"minecraft:damage_taken":241,"minecraft:time_since_death":54,"minecraft:walk_one_cm":7051,"minecraft:sneak_time":26,"minecraft:total_world_time":5935,"minecraft:fall_one_cm":1692,"minecraft:fly_one_cm":17186,"minecraft:player_kills":1}},"DataVersion":3953}