{"stats":{"minecraft:used":{"minecraft:stone_axe":1,"minecraft:golden_apple":1,"minecraft:apple":3,"minecraft:dirt":4,"minecraft:white_carpet":2,"minecraft:oak_sapling":1},"minecraft:custom":{"minecraft:time_since_rest":10187,"minecraft:open_chest":4,"minecraft:crouch_one_cm":22,"minecraft:play_time":10187,"minecraft:sprint_one_cm":38565,"minecraft:damage_taken":20,"minecraft:walk_one_cm":9743,"minecraft:sneak_time":40,"minecraft:walk_under_water_one_cm":1111,"minecraft:jump":328,"minecraft:interact_with_brewingstand":1,"minecraft:damage_dealt":10,"minecraft:leave_game":1,"minecraft:time_since_death":10187,"minecraft:walk_on_water_one_cm":2047,"minecraft:total_world_time":10187,"minecraft:climb_one_cm":3654,"minecraft:swim_one_cm":8421,"minecraft:interact_with_crafting_table":1,"minecraft:fall_one_cm":5732,"minecraft:fly_one_cm":113232},"minecraft:picked_up":{"minecraft:stick":3,"minecraft:white_carpet":2,"minecraft:apple":2,"minecraft:oak_log":4,"minecraft:oak_sapling":2,"minecraft:sugar_cane":2,"minecraft:dirt":4},"minecraft:crafted":{"minecraft:stone_axe":1},"minecraft:mined":{"minecraft:grass_block":4,"minecraft:oak_sapling":1,"minecraft:white_carpet":2}},"DataVersion":3953}