{"stats":{"minecraft:used":{"minecraft:dirt":4},"minecraft:custom":{"minecraft:jump":98,"minecraft:open_chest":1,"minecraft:time_since_rest":4207,"minecraft:sprint_one_cm":8059,"minecraft:play_time":4207,"minecraft:time_since_death":4207,"minecraft:walk_one_cm":2506,"minecraft:climb_one_cm":2874,"minecraft:total_world_time":4207,"minecraft:fall_one_cm":2206,"minecraft:fly_one_cm":35286,"minecraft:interact_with_brewingstand":1},"minecraft:picked_up":{"minecraft:white_carpet":2,"minecraft:dirt":4},"minecraft:mined":{"minecraft:grass_block":4,"minecraft:white_carpet":2}},"DataVersion":3953}