{"stats":{"minecraft:killed_by":{"minecraft:player":1},"minecraft:custom":{"minecraft:jump":103,"minecraft:time_since_rest":416,"minecraft:damage_dealt":272,"minecraft:damage_taken":241,"minecraft:crouch_one_cm":83,"minecraft:leave_game":3,"minecraft:play_time":6267,"minecraft:sprint_one_cm":5588,"minecraft:time_since_death":386,"minecraft:walk_one_cm":7494,"minecraft:deaths":1,"minecraft:sneak_time":26,"minecraft:total_world_time":6267,"minecraft:fall_one_cm":1692,"minecraft:fly_one_cm":17289,"minecraft:player_kills":1}},"DataVersion":3953}