{"stats":{"minecraft:custom":{"minecraft:mob_kills":34,"minecraft:interact_with_crafting_table":88,"minecraft:open_barrel":10,"minecraft:leave_game":18,"minecraft:time_since_death":18678,"minecraft:climb_one_cm":10538,"minecraft:sprint_one_cm":1112750,"minecraft:walk_one_cm":1614792,"minecraft:damage_blocked_by_shield":465,"minecraft:drop":30,"minecraft:play_time":610184,"minecraft:sneak_time":28345,"minecraft:deaths":8,"minecraft:walk_under_water_one_cm":15303,"minecraft:boat_one_cm":33922,"minecraft:jump":6606,"minecraft:interact_with_blast_furnace":6,"minecraft:walk_on_water_one_cm":9802,"minecraft:enchant_item":1,"minecraft:total_world_time":610184,"minecraft:interact_with_furnace":31,"minecraft:pot_flower":1,"minecraft:interact_with_stonecutter":7,"minecraft:sleep_in_bed":30,"minecraft:time_since_rest":3923,"minecraft:damage_taken":6157,"minecraft:damage_dealt":5673,"minecraft:player_kills":4,"minecraft:swim_one_cm":96004,"minecraft:fly_one_cm":1018006,"minecraft:open_chest":126,"minecraft:crouch_one_cm":86066,"minecraft:interact_with_smoker":21,"minecraft:fall_one_cm":153046},"minecraft:mined":{"minecraft:deepslate_tiles":71,"minecraft:tuff":5,"minecraft:spruce_planks":11,"minecraft:oak_sapling":9,"minecraft:cobblestone_stairs":2,"minecraft:carved_pumpkin":1,"minecraft:crafter":1,"minecraft:ladder":5,"minecraft:granite":22,"minecraft:grass_block":168,"minecraft:spruce_leaves":15,"minecraft:moss_block":1,"minecraft:tuff_bricks":9,"minecraft:glowstone":28,"minecraft:furnace":7,"minecraft:carrots":28,"minecraft:iron_ore":22,"minecraft:polished_tuff":6,"minecraft:andesite":36,"minecraft:moss_carpet":3,"minecraft:deepslate_lapis_ore":4,"minecraft:enchanting_table":1,"minecraft:cobblestone_slab":1,"minecraft:potatoes":5,"minecraft:potted_dandelion":1,"minecraft:deepslate_iron_ore":1,"minecraft:dirt_path":1,"minecraft:oak_stairs":85,"minecraft:lantern":10,"minecraft:potted_cornflower":2,"minecraft:stone":919,"minecraft:oak_slab":23,"minecraft:smoker":6,"minecraft:basalt":12,"minecraft:spruce_door":4,"minecraft:oak_fence":41,"minecraft:crafting_table":4,"minecraft:torch":10,"minecraft:short_grass":89,"minecraft:blast_furnace":2,"minecraft:stone_slab":2,"minecraft:tall_grass":11,"minecraft:cobblestone":123,"minecraft:oak_planks":230,"minecraft:sugar_cane":3,"minecraft:blue_bed":11,"minecraft:diorite":13,"minecraft:wall_torch":41,"minecraft:birch_log":2,"minecraft:wheat":1,"minecraft:sweet_berry_bush":17,"minecraft:ice":1,"minecraft:spruce_log":54,"minecraft:birch_leaves":2,"minecraft:oak_log":606,"minecraft:coal_ore":19,"minecraft:gravel":3,"minecraft:dirt":133,"minecraft:stonecutter":4,"minecraft:gold_ore":7,"minecraft:oak_leaves":104,"minecraft:deepslate":52},"minecraft:used":{"minecraft:oak_fence":146,"minecraft:tuff_bricks":2,"minecraft:stone_sword":2,"minecraft:enchanting_table":1,"minecraft:iron_shovel":270,"minecraft:carved_pumpkin":1,"minecraft:ladder":15,"minecraft:chest":5,"minecraft:spruce_planks":47,"minecraft:shield":7,"minecraft:iron_sword":96,"minecraft:wooden_shovel":2,"minecraft:cooked_salmon":5,"minecraft:iron_chestplate":1,"minecraft:torch":25,"minecraft:dirt":371,"minecraft:crafter":1,"minecraft:cobblestone_wall":1,"minecraft:carrot":81,"minecraft:oak_wood":4,"minecraft:tuff":5,"minecraft:spruce_boat":1,"minecraft:wooden_axe":1,"minecraft:lantern":21,"minecraft:iron_axe":714,"minecraft:oak_stairs":365,"minecraft:iron_boots":1,"minecraft:glowstone":19,"minecraft:sweet_berries":17,"minecraft:oak_sapling":106,"minecraft:furnace":9,"minecraft:deepslate_tile_stairs":2,"minecraft:cooked_beef":17,"minecraft:cobbled_deepslate":16,"minecraft:cobblestone_stairs":2,"minecraft:spruce_door":10,"minecraft:baked_potato":11,"minecraft:oak_planks":1252,"minecraft:stone_pickaxe":108,"minecraft:cobblestone_slab":18,"minecraft:wooden_pickaxe":6,"minecraft:blue_bed":10,"minecraft:diamond_axe":455,"minecraft:stonecutter":5,"minecraft:oak_slab":54,"minecraft:crafting_table":10,"minecraft:blast_furnace":2,"minecraft:painting":57,"minecraft:smoker":6,"minecraft:shears":1,"minecraft:polished_tuff":3,"minecraft:deepslate_tiles":229,"minecraft:oak_log":489,"minecraft:cornflower":1,"minecraft:flower_pot":1,"minecraft:diamond_pickaxe":1038,"minecraft:apple":27,"minecraft:oxeye_daisy":1,"minecraft:iron_pickaxe":244,"minecraft:stone_slab":10,"minecraft:spruce_sapling":4,"minecraft:cobblestone":1216,"minecraft:cooked_porkchop":11,"minecraft:andesite":6,"minecraft:birch_log":2,"minecraft:pumpkin_pie":1,"minecraft:bone_meal":2},"minecraft:picked_up":{"minecraft:wooden_axe":4,"minecraft:crafting_table":4,"minecraft:ladder":5,"minecraft:flower_pot":2,"minecraft:stone_slab":4,"minecraft:wooden_pickaxe":6,"minecraft:oak_stairs":88,"minecraft:shield":1,"minecraft:cornflower":3,"minecraft:string":5,"minecraft:moss_carpet":4,"minecraft:deepslate_tiles":72,"minecraft:cobbled_deepslate":312,"minecraft:spruce_planks":51,"minecraft:beef":16,"minecraft:cobblestone_slab":2,"minecraft:wooden_shovel":2,"minecraft:iron_pickaxe":5,"minecraft:sugar_cane":80,"minecraft:birch_sapling":1,"minecraft:furnace":13,"minecraft:iron_boots":5,"minecraft:egg":8,"minecraft:stick":103,"minecraft:raw_iron":78,"minecraft:oak_fence":41,"minecraft:torch":68,"minecraft:porkchop":25,"minecraft:diorite":75,"minecraft:carrot":162,"minecraft:arrow":6,"minecraft:rotten_flesh":17,"minecraft:pumpkin_pie":1,"minecraft:carved_pumpkin":1,"minecraft:tuff_bricks":32,"minecraft:cobblestone":1478,"minecraft:stripped_oak_log":7,"minecraft:oxeye_daisy":1,"minecraft:birch_log":6,"minecraft:enchanting_table":1,"minecraft:cooked_beef":28,"minecraft:basalt":12,"minecraft:andesite":71,"minecraft:salmon":5,"minecraft:leather":15,"minecraft:smoker":14,"minecraft:crafter":1,"minecraft:potato":25,"minecraft:tuff":5,"minecraft:oak_log":876,"minecraft:cobblestone_stairs":2,"minecraft:lapis_lazuli":204,"minecraft:dirt":363,"minecraft:blue_bed":11,"minecraft:lantern":10,"minecraft:bone":6,"minecraft:apple":20,"minecraft:stonecutter":4,"minecraft:wheat_seeds":15,"minecraft:raw_gold":42,"minecraft:iron_ingot":10,"minecraft:stone_pickaxe":8,"minecraft:glowstone_dust":77,"minecraft:moss_block":5,"minecraft:iron_sword":5,"minecraft:oak_planks":221,"minecraft:oak_slab":24,"minecraft:cooked_porkchop":1,"minecraft:sweet_berries":79,"minecraft:dandelion":1,"minecraft:gravel":3,"minecraft:spruce_sapling":7,"minecraft:blast_furnace":6,"minecraft:spruce_log":53,"minecraft:spruce_door":5,"minecraft:polished_tuff":18,"minecraft:pumpkin_seeds":4,"minecraft:spruce_boat":1,"minecraft:granite":92,"minecraft:painting":56,"minecraft:oak_sapling":162,"minecraft:coal":119},"minecraft:dropped":{"minecraft:wheat_seeds":2,"minecraft:lapis_lazuli":34,"minecraft:oak_log":2,"minecraft:cobblestone":64,"minecraft:stick":3,"minecraft:dirt":14,"minecraft:cornflower":1,"minecraft:wooden_axe":1,"minecraft:oak_stairs":3,"minecraft:gravel":2,"minecraft:moss_carpet":2,"minecraft:stone_sword":1,"minecraft:birch_sapling":1,"minecraft:rotten_flesh":2,"minecraft:oak_planks":1,"minecraft:shears":1,"minecraft:carrot":3,"minecraft:deepslate_tiles":1,"minecraft:flower_pot":1,"minecraft:wooden_shovel":1,"minecraft:wooden_pickaxe":1,"minecraft:raw_gold":7},"minecraft:killed":{"minecraft:cave_spider":1,"minecraft:spider":2,"minecraft:skeleton":3,"minecraft:piglin":3,"minecraft:pig":5,"minecraft:zombie_villager":1,"minecraft:creeper":1,"minecraft:zombie":8,"minecraft:player":3,"minecraft:cow":9},"minecraft:broken":{"minecraft:iron_shovel":1,"minecraft:iron_axe":2},"minecraft:crafted":{"minecraft:smooth_stone":3,"minecraft:oak_planks":1676,"minecraft:furnace":1,"minecraft:stone":9,"minecraft:bone_meal":6,"minecraft:iron_boots":1,"minecraft:iron_axe":3,"minecraft:ladder":15,"minecraft:stone_pickaxe":2,"minecraft:cobblestone_wall":6,"minecraft:chest":5,"minecraft:oak_fence":105,"minecraft:cooked_beef":16,"minecraft:oak_slab":48,"minecraft:wooden_shovel":1,"minecraft:cooked_porkchop":11,"minecraft:diamond_axe":1,"minecraft:crafting_table":6,"minecraft:spruce_planks":132,"minecraft:iron_helmet":1,"minecraft:wooden_pickaxe":1,"minecraft:iron_sword":1,"minecraft:spruce_door":9,"minecraft:cooked_salmon":5,"minecraft:oak_wood":6,"minecraft:glowstone":19,"minecraft:painting":1,"minecraft:air":0,"minecraft:iron_chestplate":1,"minecraft:diamond_pickaxe":1,"minecraft:shield":1,"minecraft:stick":68,"minecraft:iron_ingot":23,"minecraft:iron_pickaxe":1,"minecraft:oak_stairs":278,"minecraft:wooden_axe":1,"minecraft:stone_sword":1,"minecraft:iron_shovel":1,"minecraft:iron_leggings":1,"minecraft:stonecutter":1,"minecraft:shears":1},"minecraft:killed_by":{"minecraft:player":3,"minecraft:creeper":1,"minecraft:skeleton":2}},"DataVersion":3953}