{"stats":{"minecraft:custom":{"minecraft:mob_kills":51,"minecraft:interact_with_crafting_table":89,"minecraft:open_barrel":13,"minecraft:fill_cauldron":2,"minecraft:leave_game":18,"minecraft:time_since_death":108678,"minecraft:climb_one_cm":25557,"minecraft:sprint_one_cm":1335844,"minecraft:walk_one_cm":1870203,"minecraft:damage_blocked_by_shield":465,"minecraft:drop":48,"minecraft:talked_to_villager":2,"minecraft:play_time":700184,"minecraft:sneak_time":39307,"minecraft:deaths":8,"minecraft:walk_under_water_one_cm":21146,"minecraft:boat_one_cm":33922,"minecraft:jump":7514,"minecraft:interact_with_blast_furnace":6,"minecraft:walk_on_water_one_cm":14486,"minecraft:enchant_item":1,"minecraft:total_world_time":700184,"minecraft:interact_with_furnace":41,"minecraft:pot_flower":1,"minecraft:interact_with_stonecutter":7,"minecraft:sleep_in_bed":34,"minecraft:time_since_rest":3981,"minecraft:damage_taken":7678,"minecraft:damage_dealt":8679,"minecraft:player_kills":4,"minecraft:swim_one_cm":96026,"minecraft:fly_one_cm":1170806,"minecraft:open_chest":156,"minecraft:crouch_one_cm":119367,"minecraft:interact_with_smoker":22,"minecraft:use_cauldron":2,"minecraft:fall_one_cm":181261},"minecraft:mined":{"minecraft:deepslate_tiles":71,"minecraft:tuff":5,"minecraft:spruce_planks":19,"minecraft:oak_sapling":13,"minecraft:cobblestone_stairs":26,"minecraft:spruce_trapdoor":2,"minecraft:carved_pumpkin":1,"minecraft:crafter":1,"minecraft:ladder":5,"minecraft:granite":22,"minecraft:stone_button":1,"minecraft:grass_block":168,"minecraft:spruce_leaves":15,"minecraft:moss_block":1,"minecraft:tuff_bricks":9,"minecraft:oak_trapdoor":1,"minecraft:spruce_sapling":1,"minecraft:glowstone":28,"minecraft:furnace":7,"minecraft:carrots":53,"minecraft:iron_ore":22,"minecraft:polished_tuff":6,"minecraft:andesite":36,"minecraft:moss_carpet":3,"minecraft:deepslate_lapis_ore":4,"minecraft:enchanting_table":1,"minecraft:cobblestone_slab":7,"minecraft:potatoes":10,"minecraft:potted_dandelion":1,"minecraft:deepslate_iron_ore":1,"minecraft:dirt_path":1,"minecraft:oak_stairs":86,"minecraft:lantern":10,"minecraft:potted_cornflower":2,"minecraft:stone":919,"minecraft:oak_slab":26,"minecraft:red_bed":3,"minecraft:smoker":6,"minecraft:basalt":12,"minecraft:spruce_door":4,"minecraft:oak_fence":43,"minecraft:crafting_table":4,"minecraft:torch":10,"minecraft:short_grass":93,"minecraft:blast_furnace":2,"minecraft:glass":12,"minecraft:stone_slab":2,"minecraft:tall_grass":11,"minecraft:cobblestone":125,"minecraft:oak_planks":259,"minecraft:sugar_cane":3,"minecraft:blue_bed":11,"minecraft:diorite":13,"minecraft:wall_torch":42,"minecraft:purple_bed":10,"minecraft:birch_log":2,"minecraft:wheat":1,"minecraft:sweet_berry_bush":17,"minecraft:ice":1,"minecraft:spruce_log":54,"minecraft:birch_leaves":2,"minecraft:white_wall_banner":1,"minecraft:oak_log":609,"minecraft:coal_ore":19,"minecraft:gravel":3,"minecraft:dirt":133,"minecraft:stonecutter":4,"minecraft:gold_ore":7,"minecraft:oak_leaves":104,"minecraft:deepslate":52},"minecraft:used":{"minecraft:oak_fence":148,"minecraft:tuff_bricks":2,"minecraft:stone_sword":2,"minecraft:enchanting_table":1,"minecraft:iron_shovel":270,"minecraft:carved_pumpkin":1,"minecraft:ladder":20,"minecraft:chest":5,"minecraft:spruce_planks":112,"minecraft:shield":7,"minecraft:iron_sword":156,"minecraft:cooked_chicken":1,"minecraft:rotten_flesh":3,"minecraft:wooden_shovel":2,"minecraft:cooked_salmon":5,"minecraft:iron_chestplate":1,"minecraft:torch":25,"minecraft:dirt":371,"minecraft:crafter":1,"minecraft:cobblestone_wall":1,"minecraft:carrot":94,"minecraft:oak_wood":4,"minecraft:tuff":5,"minecraft:spruce_boat":1,"minecraft:wooden_axe":1,"minecraft:lava_bucket":2,"minecraft:lantern":21,"minecraft:iron_axe":714,"minecraft:oak_stairs":366,"minecraft:iron_boots":1,"minecraft:glowstone":19,"minecraft:bow":2,"minecraft:sweet_berries":17,"minecraft:oak_sapling":110,"minecraft:furnace":9,"minecraft:deepslate_tile_stairs":2,"minecraft:egg":16,"minecraft:cooked_beef":28,"minecraft:cobbled_deepslate":16,"minecraft:water_bucket":15,"minecraft:cobblestone_stairs":44,"minecraft:spruce_door":10,"minecraft:baked_potato":11,"minecraft:oak_planks":1424,"minecraft:stone_pickaxe":108,"minecraft:cobblestone_slab":45,"minecraft:wooden_pickaxe":6,"minecraft:blue_bed":10,"minecraft:diamond_axe":509,"minecraft:stonecutter":5,"minecraft:red_bed":3,"minecraft:oak_slab":67,"minecraft:crafting_table":10,"minecraft:blast_furnace":2,"minecraft:spider_eye":1,"minecraft:crossbow":4,"minecraft:painting":79,"minecraft:smoker":6,"minecraft:shears":1,"minecraft:polished_tuff":3,"minecraft:deepslate_tiles":229,"minecraft:oak_log":566,"minecraft:cornflower":1,"minecraft:flower_pot":1,"minecraft:diamond_pickaxe":1071,"minecraft:apple":46,"minecraft:oxeye_daisy":1,"minecraft:stone_button":1,"minecraft:iron_pickaxe":244,"minecraft:stone_slab":10,"minecraft:spruce_sapling":5,"minecraft:cobblestone":1228,"minecraft:purple_bed":10,"minecraft:white_banner":2,"minecraft:cooked_porkchop":11,"minecraft:bucket":17,"minecraft:andesite":6,"minecraft:birch_log":2,"minecraft:pumpkin_pie":1,"minecraft:bone_meal":2},"minecraft:picked_up":{"minecraft:wooden_axe":4,"minecraft:crafting_table":4,"minecraft:ominous_bottle":1,"minecraft:ladder":5,"minecraft:flower_pot":2,"minecraft:stone_slab":4,"minecraft:wooden_pickaxe":6,"minecraft:oak_stairs":89,"minecraft:shield":1,"minecraft:red_bed":3,"minecraft:cornflower":3,"minecraft:string":9,"minecraft:moss_carpet":4,"minecraft:iron_shovel":1,"minecraft:deepslate_tiles":72,"minecraft:cobbled_deepslate":312,"minecraft:spruce_planks":59,"minecraft:beef":16,"minecraft:cobblestone_slab":9,"minecraft:wooden_shovel":2,"minecraft:iron_pickaxe":5,"minecraft:sugar_cane":80,"minecraft:birch_sapling":1,"minecraft:spruce_trapdoor":1,"minecraft:furnace":13,"minecraft:iron_boots":5,"minecraft:egg":25,"minecraft:stick":136,"minecraft:raw_iron":78,"minecraft:oak_fence":43,"minecraft:torch":69,"minecraft:porkchop":25,"minecraft:stone_button":1,"minecraft:diorite":75,"minecraft:carrot":251,"minecraft:arrow":10,"minecraft:rotten_flesh":35,"minecraft:pumpkin_pie":1,"minecraft:carved_pumpkin":1,"minecraft:tuff_bricks":32,"minecraft:cobblestone":1535,"minecraft:stripped_oak_log":7,"minecraft:oxeye_daisy":1,"minecraft:birch_log":6,"minecraft:enchanting_table":1,"minecraft:cooked_beef":28,"minecraft:basalt":12,"minecraft:andesite":71,"minecraft:salmon":5,"minecraft:leather":15,"minecraft:smoker":14,"minecraft:crafter":1,"minecraft:potato":30,"minecraft:gunpowder":2,"minecraft:chainmail_chestplate":1,"minecraft:tuff":5,"minecraft:oak_log":985,"minecraft:cobblestone_stairs":26,"minecraft:lapis_lazuli":204,"minecraft:dirt":364,"minecraft:blue_bed":11,"minecraft:lantern":10,"minecraft:white_banner":2,"minecraft:bone":14,"minecraft:apple":28,"minecraft:bow":1,"minecraft:stonecutter":4,"minecraft:wheat_seeds":15,"minecraft:raw_gold":42,"minecraft:iron_ingot":10,"minecraft:stone_pickaxe":8,"minecraft:cooked_chicken":1,"minecraft:glowstone_dust":77,"minecraft:moss_block":5,"minecraft:iron_sword":5,"minecraft:oak_planks":253,"minecraft:oak_slab":26,"minecraft:cooked_porkchop":1,"minecraft:sweet_berries":79,"minecraft:dandelion":1,"minecraft:gravel":3,"minecraft:spruce_sapling":11,"minecraft:blast_furnace":6,"minecraft:spruce_log":158,"minecraft:spider_eye":3,"minecraft:spruce_door":5,"minecraft:polished_tuff":18,"minecraft:pumpkin_seeds":4,"minecraft:purple_bed":10,"minecraft:spruce_boat":1,"minecraft:crossbow":1,"minecraft:granite":92,"minecraft:painting":78,"minecraft:oak_sapling":207,"minecraft:coal":119},"minecraft:dropped":{"minecraft:wheat_seeds":2,"minecraft:lapis_lazuli":34,"minecraft:oak_log":2,"minecraft:cobblestone":119,"minecraft:stick":3,"minecraft:dirt":15,"minecraft:cornflower":1,"minecraft:wooden_axe":1,"minecraft:oak_stairs":3,"minecraft:spruce_sapling":3,"minecraft:gravel":2,"minecraft:moss_carpet":2,"minecraft:iron_nugget":6,"minecraft:stone_sword":1,"minecraft:birch_sapling":1,"minecraft:rotten_flesh":3,"minecraft:oak_planks":8,"minecraft:shears":1,"minecraft:carrot":82,"minecraft:potato":16,"minecraft:deepslate_tiles":1,"minecraft:flower_pot":1,"minecraft:wooden_shovel":1,"minecraft:spider_eye":1,"minecraft:spruce_log":20,"minecraft:wooden_pickaxe":1,"minecraft:raw_gold":7,"minecraft:egg":13},"minecraft:killed":{"minecraft:cave_spider":1,"minecraft:spider":5,"minecraft:skeleton":7,"minecraft:piglin":3,"minecraft:pig":5,"minecraft:zombie_villager":1,"minecraft:creeper":2,"minecraft:pillager":2,"minecraft:zombie":15,"minecraft:player":3,"minecraft:cow":9},"minecraft:broken":{"minecraft:iron_shovel":1,"minecraft:iron_axe":2},"minecraft:crafted":{"minecraft:smooth_stone":3,"minecraft:oak_planks":1884,"minecraft:furnace":1,"minecraft:stone":9,"minecraft:bone_meal":6,"minecraft:iron_boots":1,"minecraft:iron_axe":3,"minecraft:ladder":15,"minecraft:stone_pickaxe":2,"minecraft:cobblestone_wall":6,"minecraft:chest":5,"minecraft:oak_fence":105,"minecraft:cooked_beef":16,"minecraft:oak_slab":48,"minecraft:wooden_shovel":1,"minecraft:cooked_porkchop":11,"minecraft:diamond_axe":1,"minecraft:crafting_table":6,"minecraft:spruce_planks":212,"minecraft:iron_helmet":1,"minecraft:wooden_pickaxe":1,"minecraft:iron_sword":1,"minecraft:spruce_door":9,"minecraft:cooked_salmon":5,"minecraft:oak_wood":6,"minecraft:glowstone":19,"minecraft:painting":1,"minecraft:air":0,"minecraft:iron_chestplate":1,"minecraft:diamond_pickaxe":1,"minecraft:shield":1,"minecraft:stick":68,"minecraft:iron_ingot":23,"minecraft:iron_pickaxe":1,"minecraft:oak_stairs":278,"minecraft:wooden_axe":1,"minecraft:stone_sword":1,"minecraft:iron_shovel":1,"minecraft:iron_leggings":1,"minecraft:stonecutter":1,"minecraft:shears":1},"minecraft:killed_by":{"minecraft:player":3,"minecraft:creeper":1,"minecraft:skeleton":2}},"DataVersion":3953}