{"stats":{"minecraft:crafted":{"minecraft:oak_planks":4},"minecraft:custom":{"minecraft:time_since_rest":2548,"minecraft:play_time":12937,"minecraft:sprint_one_cm":43523,"minecraft:walk_one_cm":26577,"minecraft:damage_taken":1180,"minecraft:deaths":4,"minecraft:walk_under_water_one_cm":590,"minecraft:jump":604,"minecraft:damage_dealt":605,"minecraft:time_since_death":2518,"minecraft:walk_on_water_one_cm":3925,"minecraft:total_world_time":12937,"minecraft:climb_one_cm":327,"minecraft:player_kills":1,"minecraft:swim_one_cm":957,"minecraft:fall_one_cm":19115,"minecraft:fly_one_cm":110666},"minecraft:used":{"minecraft:stone_sword":3,"minecraft:dirt":11,"minecraft:oak_planks":4},"minecraft:picked_up":{"minecraft:wheat_seeds":2,"minecraft:oak_log":1,"minecraft:dirt":11},"minecraft:killed_by":{"alexsmobs:elephant":2},"minecraft:mined":{"gravestone:gravestone":1,"minecraft:large_fern":1,"minecraft:grass":8,"biomesoplenty:bush":1,"minecraft:grass_block":11,"minecraft:tall_grass":5,"minecraft:birch_leaves":6,"minecraft:oak_leaves":2,"minecraft:fern":1}},"DataVersion":3465}