{"stats":{"minecraft:killed_by":{"minecraft:skeleton":1,"minecraft:zombie":2},"minecraft:picked_up":{"minecraft:crafting_table":2,"minecraft:wheat":146,"minecraft:cooked_beef":1,"minecraft:brown_wool":1,"minecraft:andesite":2,"minecraft:leather":13,"minecraft:potato":1,"minecraft:enchanted_book":1,"minecraft:oak_log":11,"gravestone:obituary":1,"minecraft:brewing_stand":1,"minecraft:yellow_bed":1,"minecraft:dirt":40,"minecraft:red_bed":4,"minecraft:item_frame":15,"minecraft:armor_stand":1,"minecraft:zombie_head":3,"minecraft:oak_sign":1,"minecraft:bow":1,"minecraft:wheat_seeds":472,"minecraft:iron_ingot":2,"minecraft:beef":21,"minecraft:stone_pickaxe":1,"minecraft:player_head":1,"artifacts:antidote_vessel":2,"minecraft:iron_sword":1,"minecraft:iron_boots":1,"minecraft:furnace":8,"minecraft:stick":2,"minecraft:torch":6,"minecraft:spruce_sapling":2,"minecraft:spruce_log":8,"minecraft:carrot":7,"minecraft:stone_pressure_plate":4,"minecraft:beetroot_seeds":1,"minecraft:hay_block":14,"minecraft:emerald":1,"minecraft:coal":33,"minecraft:mutton":4,"minecraft:cobblestone":8,"minecraft:white_wool":7,"minecraft:ender_pearl":1},"minecraft:custom":{"minecraft:interact_with_furnace":11,"minecraft:mob_kills":13,"minecraft:animals_bred":2,"minecraft:interact_with_crafting_table":2,"minecraft:eat_cake_slice":2,"minecraft:leave_game":3,"minecraft:time_since_death":37234,"minecraft:sleep_in_bed":3,"minecraft:climb_one_cm":424,"minecraft:time_since_rest":14741,"minecraft:sprint_one_cm":95624,"minecraft:damage_taken":1120,"minecraft:walk_one_cm":180857,"minecraft:drop":29,"minecraft:damage_dealt":1319,"minecraft:talked_to_villager":2,"minecraft:swim_one_cm":29361,"minecraft:fly_one_cm":87426,"minecraft:open_chest":22,"minecraft:crouch_one_cm":399,"minecraft:play_time":42864,"minecraft:deaths":3,"minecraft:sneak_time":127,"minecraft:walk_under_water_one_cm":3082,"minecraft:jump":597,"minecraft:walk_on_water_one_cm":3179,"minecraft:total_world_time":42864,"minecraft:fall_one_cm":14203,"minecraft:horse_one_cm":288369},"minecraft:mined":{"minecraft:glass_pane":2,"minecraft:stone_pressure_plate":1,"minecraft:white_bed":1,"minecraft:red_bed":4,"biomesoplenty:desert_grass":1,"minecraft:brewing_stand":1,"minecraft:crafting_table":2,"gravestone:gravestone":1,"minecraft:grass_block":14,"minecraft:tall_grass":2,"minecraft:wall_torch":6,"minecraft:spruce_stairs":1,"minecraft:hay_block":13,"minecraft:furnace":8,"minecraft:carrots":7,"minecraft:wheat":160,"minecraft:andesite":2,"treechop:chopped_log":2,"minecraft:yellow_bed":2,"minecraft:grass":1,"minecraft:coal_ore":13,"minecraft:potatoes":1,"minecraft:oak_log":6,"minecraft:beetroots":2,"minecraft:zombie_head":1,"minecraft:dirt":7,"minecraft:stone":8,"minecraft:player_head":1,"minecraft:white_wool":6},"minecraft:crafted":{"minecraft:cooked_beef":10,"minecraft:oak_planks":40,"minecraft:wooden_shovel":1,"minecraft:crafting_table":1,"minecraft:wooden_pickaxe":1,"minecraft:stone_axe":1,"minecraft:air":0,"minecraft:stick":12,"minecraft:wheat":126},"minecraft:killed":{"minecraft:sheep":3,"minecraft:cow":10},"minecraft:used":{"minecraft:wheat_seeds":23,"minecraft:armor_stand":1,"minecraft:stone_pickaxe":38,"minecraft:wooden_pickaxe":6,"minecraft:wooden_shovel":7,"minecraft:iron_chestplate":1,"minecraft:white_wool":2,"minecraft:dirt":14,"minecraft:crafting_table":2,"minecraft:red_bed":2,"minecraft:bread":7,"minecraft:iron_helmet":1,"minecraft:iron_boots":1,"minecraft:item_frame":1,"minecraft:stone_axe":42,"minecraft:cobblestone":2,"minecraft:furnace":1,"alexsmobs:animal_dictionary":3,"minecraft:iron_leggings":1},"minecraft:dropped":{"minecraft:wheat_seeds":382,"minecraft:oak_log":1,"minecraft:wheat":56,"minecraft:iron_boots":1,"minecraft:oak_sign":1,"minecraft:item_frame":11,"minecraft:dirt":6,"minecraft:beetroot_seeds":1,"artifacts:antidote_vessel":2,"minecraft:stone_pressure_plate":1,"gravestone:obituary":4,"minecraft:spruce_sapling":2}},"DataVersion":3465}