{"stats":{"minecraft:crafted":{"minecraft:stone_sword":1,"minecraft:birch_planks":24,"minecraft:stone_axe":1,"minecraft:crafting_table":1,"minecraft:stick":8,"minecraft:wooden_pickaxe":1,"minecraft:stone_pickaxe":1},"minecraft:dropped":{"minecraft:wooden_pickaxe":1,"alexsmobs:animal_dictionary":1,"minecraft:andesite":14},"minecraft:custom":{"minecraft:time_since_rest":204,"minecraft:crouch_one_cm":279,"minecraft:play_time":6601,"minecraft:sprint_one_cm":14158,"minecraft:deaths":1,"minecraft:damage_taken":314,"minecraft:walk_one_cm":18002,"minecraft:sneak_time":26,"minecraft:mob_kills":1,"minecraft:drop":3,"minecraft:jump":154,"minecraft:damage_dealt":100,"minecraft:walk_on_water_one_cm":464,"minecraft:time_since_death":176,"minecraft:total_world_time":6601,"minecraft:interact_with_crafting_table":4,"minecraft:fall_one_cm":5451,"minecraft:fly_one_cm":28981},"minecraft:used":{"minecraft:stone_axe":1,"minecraft:stone_sword":2,"minecraft:cobblestone":1,"minecraft:crafting_table":1,"minecraft:stone_pickaxe":29,"alexsmobs:animal_dictionary":4,"minecraft:wooden_pickaxe":3},"minecraft:picked_up":{"minecraft:birch_log":6,"minecraft:crafting_table":1,"minecraft:andesite":14,"minecraft:cobblestone":18},"minecraft:killed":{"naturalist:butterfly":1},"minecraft:killed_by":{"minecraft:player":1},"minecraft:mined":{"minecraft:grass":1,"minecraft:stone":18,"minecraft:andesite":14,"treechop:chopped_log":1,"minecraft:crafting_table":1}},"DataVersion":3465}