{"stats":{"minecraft:custom":{"minecraft:interact_with_crafting_table":170,"minecraft:open_barrel":29,"minecraft:eat_cake_slice":1,"minecraft:leave_game":15,"minecraft:time_since_death":60557,"minecraft:damage_resisted":10,"minecraft:sprint_one_cm":2330584,"minecraft:damage_blocked_by_shield":9251,"minecraft:drop":238,"minecraft:play_noteblock":1,"minecraft:talked_to_villager":128,"minecraft:play_time":1812442,"minecraft:deaths":19,"minecraft:jump":16318,"minecraft:walk_on_water_one_cm":105124,"minecraft:enchant_item":2,"minecraft:interact_with_furnace":154,"minecraft:traded_with_villager":49,"minecraft:interact_with_cartography_table":1,"minecraft:sleep_in_bed":64,"minecraft:open_enderchest":6,"minecraft:damage_dealt":56158,"minecraft:crouch_one_cm":245513,"minecraft:interact_with_smoker":35,"minecraft:inspect_dispenser":17,"minecraft:mob_kills":400,"minecraft:fill_cauldron":2,"minecraft:climb_one_cm":73931,"minecraft:walk_one_cm":5342152,"minecraft:sneak_time":69401,"minecraft:walk_under_water_one_cm":125553,"minecraft:boat_one_cm":426555,"minecraft:interact_with_blast_furnace":35,"minecraft:total_world_time":1812442,"minecraft:tune_noteblock":54,"minecraft:pot_flower":23,"minecraft:time_since_rest":24084,"minecraft:damage_absorbed":42,"minecraft:damage_taken":19853,"minecraft:minecart_one_cm":5139,"minecraft:swim_one_cm":81957,"minecraft:fly_one_cm":1879812,"minecraft:open_chest":827,"minecraft:fall_one_cm":342443},"minecraft:mined":{"minecraft:spruce_planks":80,"minecraft:oak_sapling":19,"minecraft:white_bed":15,"minecraft:farmland":1,"minecraft:brewing_stand":4,"minecraft:obsidian":32,"minecraft:spruce_trapdoor":15,"minecraft:granite":21,"minecraft:grass_block":2500,"minecraft:chiseled_tuff_bricks":1,"minecraft:composter":4,"minecraft:oxeye_daisy":1,"minecraft:nether_wart":36,"minecraft:tuff_bricks":38,"minecraft:tall_seagrass":1,"minecraft:glowstone":67,"minecraft:iron_ore":55,"minecraft:cobbled_deepslate":5,"minecraft:fire":24,"minecraft:polished_tuff":6,"minecraft:deepslate_lapis_ore":8,"minecraft:enchanting_table":3,"minecraft:water_cauldron":6,"minecraft:dirt_path":25,"minecraft:oak_stairs":15,"minecraft:quartz_slab":1,"minecraft:waxed_cut_copper_stairs":1,"minecraft:deepslate_redstone_ore":37,"minecraft:red_bed":7,"minecraft:blackstone":128,"minecraft:smoker":16,"minecraft:amethyst_cluster":19,"minecraft:clay":16,"minecraft:torch":12,"minecraft:blast_furnace":9,"minecraft:calcite":2,"minecraft:poppy":1,"minecraft:chest":16,"minecraft:dead_bush":15,"minecraft:glass":49,"minecraft:nether_quartz_ore":51,"minecraft:cobblestone":230,"minecraft:oak_planks":479,"minecraft:sugar_cane":4,"minecraft:potted_oak_sapling":1,"minecraft:grindstone":4,"minecraft:wall_torch":32,"minecraft:amethyst_block":8,"minecraft:cauldron":1,"minecraft:stone_stairs":4,"minecraft:powered_rail":53,"minecraft:light_gray_stained_glass":4,"minecraft:birch_log":6,"minecraft:wheat":26,"minecraft:waxed_copper_block":13,"minecraft:potted_poppy":1,"minecraft:oak_log":706,"minecraft:sand":671,"minecraft:dirt":2726,"minecraft:smooth_basalt":1,"minecraft:dispenser":3,"minecraft:netherrack":277,"minecraft:oak_leaves":382,"minecraft:deepslate":612,"minecraft:tuff":57,"minecraft:deepslate_diamond_ore":63,"minecraft:candle":4,"minecraft:crafter":1,"minecraft:nether_bricks":27,"minecraft:stone_button":2,"minecraft:spruce_fence":1,"minecraft:decorated_pot":33,"minecraft:spruce_leaves":245,"minecraft:cartography_table":7,"minecraft:large_fern":2,"minecraft:redstone_ore":4,"minecraft:spruce_sapling":14,"minecraft:furnace":30,"minecraft:carrots":193,"minecraft:waxed_copper_grate":6,"minecraft:andesite":70,"minecraft:stripped_spruce_log":24,"minecraft:peony":2,"minecraft:nether_brick_fence":1,"minecraft:bookshelf":7,"minecraft:potatoes":6,"minecraft:deepslate_iron_ore":101,"minecraft:rail":119,"minecraft:lantern":3,"minecraft:potted_spruce_sapling":1,"minecraft:stripped_oak_log":34,"minecraft:stone":1761,"minecraft:redstone_wall_torch":3,"minecraft:smithing_table":1,"minecraft:oak_slab":7,"minecraft:glass_pane":4,"minecraft:soul_sand":40,"minecraft:basalt":654,"minecraft:dandelion":1,"minecraft:spruce_door":6,"minecraft:oak_fence":10,"minecraft:crafting_table":31,"minecraft:short_grass":83,"minecraft:rose_bush":2,"minecraft:lectern":33,"minecraft:lightning_rod":1,"minecraft:potted_oxeye_daisy":2,"minecraft:copper_ore":6,"minecraft:tall_grass":29,"minecraft:lapis_ore":6,"minecraft:diorite":23,"minecraft:blue_bed":4,"minecraft:spruce_stairs":49,"minecraft:gray_wool":1,"minecraft:purple_bed":14,"minecraft:redstone_torch":10,"minecraft:white_carpet":3,"minecraft:spruce_log":547,"minecraft:coal_ore":91,"minecraft:flower_pot":3,"minecraft:gravel":66,"minecraft:fern":1},"minecraft:used":{"minecraft:tuff_bricks":29,"minecraft:nether_brick_fence":1,"minecraft:dispenser":4,"minecraft:spruce_slab":6,"minecraft:ladder":9,"minecraft:diamond_hoe":100,"minecraft:oak_sign":5,"minecraft:chest":52,"minecraft:shield":129,"minecraft:stone":73,"minecraft:quartz_stairs":4,"minecraft:rotten_flesh":33,"minecraft:spruce_leaves":70,"minecraft:iron_chestplate":2,"minecraft:nether_bricks":16,"minecraft:crafter":1,"minecraft:carrot":305,"minecraft:waxed_copper_grate":1,"minecraft:tuff":22,"minecraft:honey_bottle":2,"minecraft:snowball":1,"minecraft:stripped_spruce_log":16,"minecraft:obsidian":20,"minecraft:spruce_boat":14,"minecraft:glass":471,"minecraft:quartz_slab":6,"minecraft:lantern":10,"minecraft:item_frame":24,"minecraft:bow":142,"minecraft:magma_block":1,"minecraft:oak_sapling":193,"minecraft:furnace":38,"minecraft:cooked_cod":2,"minecraft:egg":24,"minecraft:potato":4,"minecraft:spruce_door":12,"minecraft:oak_planks":758,"minecraft:stone_pickaxe":166,"minecraft:powered_rail":59,"minecraft:blackstone":21,"minecraft:ender_pearl":2,"minecraft:wooden_pickaxe":5,"minecraft:composter":6,"minecraft:diamond_axe":2817,"minecraft:blue_bed":5,"minecraft:sand":20,"minecraft:crossbow":11,"minecraft:blast_furnace":6,"minecraft:note_block":4,"minecraft:shears":163,"minecraft:lightning_rod":2,"minecraft:polished_tuff":1,"minecraft:redstone_torch":18,"minecraft:stone_button":3,"minecraft:heavy_weighted_pressure_plate":2,"minecraft:bread":91,"minecraft:lectern":31,"minecraft:gravel":14,"minecraft:diamond_sword":898,"minecraft:grindstone":1,"minecraft:smithing_table":1,"minecraft:cooked_rabbit":3,"minecraft:andesite":12,"minecraft:birch_log":5,"minecraft:oak_boat":9,"minecraft:bone_meal":54,"minecraft:oak_fence":34,"minecraft:oak_trapdoor":3,"minecraft:rose_bush":2,"minecraft:enchanting_table":4,"minecraft:stone_sword":133,"minecraft:flint_and_steel":7,"minecraft:spruce_planks":351,"minecraft:ender_chest":1,"minecraft:cooked_chicken":1,"minecraft:trial_key":5,"minecraft:cooked_salmon":8,"minecraft:netherrack":70,"minecraft:torch":112,"minecraft:brewing_stand":1,"minecraft:dirt":3352,"minecraft:white_carpet":34,"minecraft:spruce_stairs":151,"minecraft:stone_stairs":12,"minecraft:bookshelf":8,"minecraft:light_weighted_pressure_plate":1,"minecraft:oak_stairs":69,"minecraft:iron_boots":2,"minecraft:barrel":4,"minecraft:glowstone":47,"minecraft:basalt":73,"minecraft:golden_carrot":4,"minecraft:minecart":5,"minecraft:cooked_beef":61,"minecraft:cobbled_deepslate":56,"minecraft:enchanted_golden_apple":1,"minecraft:cooked_mutton":10,"minecraft:water_bucket":245,"minecraft:chiseled_bookshelf":6,"minecraft:rabbit":1,"minecraft:baked_potato":11,"minecraft:cartography_table":6,"minecraft:cauldron":7,"minecraft:waxed_copper_block":8,"minecraft:rail":126,"minecraft:crafting_table":34,"minecraft:oak_slab":117,"minecraft:red_bed":7,"minecraft:white_bed":16,"minecraft:painting":26,"minecraft:cake":1,"minecraft:spruce_log":325,"minecraft:smoker":13,"minecraft:oak_log":274,"minecraft:flower_pot":26,"minecraft:diamond_pickaxe":4130,"minecraft:apple":6,"minecraft:diamond_shovel":6025,"minecraft:chicken":1,"minecraft:oak_button":2,"minecraft:iron_pickaxe":500,"minecraft:spruce_trapdoor":93,"minecraft:spruce_sapling":96,"minecraft:stone_axe":134,"minecraft:potion":1,"minecraft:cobblestone":400,"minecraft:purple_bed":14,"minecraft:cooked_porkchop":13,"minecraft:bucket":248,"minecraft:glass_pane":72,"minecraft:pumpkin_pie":33,"minecraft:stripped_oak_log":9,"minecraft:candle":12,"minecraft:dandelion":1,"minecraft:gray_wool":1},"minecraft:picked_up":{"minecraft:iron_chestplate":12,"minecraft:nether_brick_fence":2,"minecraft:flower_pot":12,"minecraft:smithing_table":1,"minecraft:lead":17,"minecraft:diamond_sword":7,"minecraft:oak_stairs":35,"minecraft:enchanted_book":1,"minecraft:potion":3,"minecraft:brewing_stand":5,"minecraft:amethyst_block":8,"minecraft:string":458,"minecraft:raw_copper":22,"minecraft:iron_leggings":7,"universal_graves:grave_compass":2,"minecraft:oak_sign":4,"minecraft:cobbled_deepslate":587,"minecraft:bucket":1,"minecraft:spruce_planks":229,"minecraft:trial_key":8,"minecraft:rose_bush":2,"minecraft:redstone_torch":15,"minecraft:calcite":2,"minecraft:iron_pickaxe":1,"minecraft:enchanted_golden_apple":2,"minecraft:furnace":35,"minecraft:iron_boots":7,"minecraft:tipped_arrow":38,"minecraft:golden_helmet":5,"minecraft:stick":375,"minecraft:composter":4,"minecraft:oak_fence":13,"minecraft:torch":146,"minecraft:spruce_stairs":75,"minecraft:porkchop":13,"minecraft:lightning_rod":1,"minecraft:waxed_copper_grate":6,"minecraft:diorite":23,"minecraft:golden_chestplate":1,"minecraft:cauldron":7,"minecraft:stone_sword":2,"minecraft:honey_bottle":2,"minecraft:rotten_flesh":187,"minecraft:blaze_rod":5,"minecraft:obsidian":48,"minecraft:snowball":1,"minecraft:cobblestone":2242,"minecraft:nautilus_shell":2,"minecraft:birch_log":11,"minecraft:enchanting_table":3,"minecraft:magma_block":1,"minecraft:feather":7,"minecraft:cooked_beef":183,"minecraft:water_bucket":6,"minecraft:andesite":70,"minecraft:smoker":17,"minecraft:potato":16,"minecraft:flint":5,"minecraft:tuff":56,"minecraft:lapis_lazuli":118,"minecraft:dirt":5438,"minecraft:lantern":3,"minecraft:leather_boots":1,"minecraft:glass":262,"minecraft:bone":113,"minecraft:bow":4,"minecraft:wheat_seeds":67,"minecraft:raw_gold":7,"minecraft:grindstone":4,"minecraft:rabbit":4,"minecraft:glowstone_dust":225,"minecraft:powered_rail":51,"minecraft:scrape_pottery_sherd":5,"minecraft:oak_planks":1265,"minecraft:cooked_porkchop":7,"minecraft:oak_pressure_plate":2,"minecraft:poisonous_potato":1,"minecraft:sand":803,"minecraft:stripped_spruce_log":24,"minecraft:ink_sac":2,"minecraft:dead_bush":27,"minecraft:grass_block":1,"minecraft:dispenser":3,"minecraft:diamond":103,"minecraft:spruce_boat":13,"minecraft:crossbow":1,"minecraft:breeze_rod":7,"minecraft:granite":21,"minecraft:emerald":26,"minecraft:bread":309,"minecraft:oak_sapling":265,"minecraft:netherrack":318,"minecraft:diamond_pickaxe":8,"minecraft:spruce_leaves":239,"minecraft:crafting_table":35,"minecraft:ominous_bottle":1,"minecraft:chicken":6,"minecraft:nether_wart":136,"minecraft:clay_ball":64,"minecraft:leather_leggings":2,"minecraft:gold_block":2,"minecraft:brick":168,"minecraft:shield":5,"minecraft:wind_charge":11,"minecraft:white_carpet":3,"minecraft:cornflower":2,"minecraft:red_bed":7,"minecraft:stone_stairs":4,"minecraft:flint_and_steel":3,"minecraft:item_frame":4,"minecraft:quartz_slab":1,"minecraft:blackstone":129,"minecraft:glass_pane":35,"minecraft:cartography_table":7,"minecraft:candle":12,"minecraft:beef":75,"minecraft:oak_boat":9,"minecraft:guster_pottery_sherd":1,"minecraft:iron_nugget":18,"minecraft:poppy":2,"minecraft:minecart":11,"minecraft:lectern":33,"minecraft:diamond_hoe":6,"minecraft:sugar_cane":13,"minecraft:chest":16,"minecraft:spruce_trapdoor":15,"minecraft:egg":34,"minecraft:raw_iron":155,"minecraft:stone":3,"minecraft:copper_ingot":17,"minecraft:spruce_fence":2,"minecraft:flow_pottery_sherd":4,"minecraft:stone_button":2,"minecraft:trident":1,"minecraft:carrot":607,"minecraft:redstone":183,"minecraft:iron_horse_armor":2,"minecraft:arrow":165,"minecraft:pumpkin_pie":47,"minecraft:golden_hoe":1,"minecraft:nether_bricks":69,"minecraft:shears":2,"minecraft:tuff_bricks":29,"minecraft:mutton":11,"minecraft:rail":169,"minecraft:white_wool":19,"minecraft:oxeye_daisy":4,"minecraft:stripped_oak_log":34,"minecraft:basalt":660,"minecraft:leather":67,"minecraft:crafter":1,"minecraft:oak_log":889,"minecraft:waxed_copper_block":11,"minecraft:golden_boots":3,"minecraft:gunpowder":21,"minecraft:blue_bed":5,"minecraft:apple":24,"minecraft:heart_of_the_sea":4,"minecraft:rabbit_hide":4,"minecraft:iron_ingot":16,"minecraft:cooked_chicken":1,"minecraft:glass_bottle":1,"minecraft:iron_sword":1,"minecraft:soul_sand":80,"minecraft:book":23,"minecraft:oak_slab":8,"minecraft:emerald_block":1,"minecraft:smooth_basalt":1,"minecraft:quartz":51,"minecraft:dandelion":6,"minecraft:gravel":43,"minecraft:amethyst_shard":68,"minecraft:spruce_sapling":149,"minecraft:blast_furnace":10,"minecraft:white_bed":18,"minecraft:spruce_log":1558,"minecraft:polished_tuff":3,"minecraft:spruce_door":10,"minecraft:spider_eye":1,"minecraft:leather_helmet":1,"minecraft:diamond_shovel":8,"minecraft:purple_bed":14,"minecraft:stone_axe":1,"minecraft:short_grass":2,"minecraft:iron_helmet":1,"minecraft:diamond_axe":9,"minecraft:painting":22,"minecraft:gray_wool":2,"minecraft:oak_button":2,"minecraft:baked_potato":22,"minecraft:chiseled_tuff_bricks":1,"minecraft:coal":246,"minecraft:ender_pearl":1},"minecraft:dropped":{"minecraft:iron_sword":1,"minecraft:short_grass":1,"minecraft:diamond_axe":1,"minecraft:oak_pressure_plate":4,"minecraft:cooked_beef":2,"minecraft:oak_log":186,"minecraft:glass_bottle":2,"minecraft:diamond":3,"minecraft:flint":2,"minecraft:dirt":56,"minecraft:pumpkin_pie":7,"minecraft:white_wool":8,"minecraft:bone":4,"minecraft:gravel":6,"minecraft:blackstone":11,"minecraft:golden_chestplate":1,"minecraft:cobbled_deepslate":1,"minecraft:rotten_flesh":96,"universal_graves:grave_compass":9,"minecraft:oak_planks":5,"minecraft:glowstone_dust":1,"minecraft:cooked_mutton":1,"minecraft:honey_bottle":2,"minecraft:white_bed":3,"minecraft:waxed_copper_block":1,"minecraft:carrot":68,"minecraft:gunpowder":1,"minecraft:lingering_potion":2,"minecraft:basalt":77,"minecraft:quartz":1,"minecraft:netherrack":66,"minecraft:bread":4,"minecraft:oak_slab":9,"minecraft:wheat_seeds":19,"minecraft:golden_helmet":1,"minecraft:minecart":2,"minecraft:poisonous_potato":1,"minecraft:feather":3,"minecraft:cobblestone":13,"minecraft:granite":16,"minecraft:grass_block":1,"minecraft:coal":51,"minecraft:stick":9,"minecraft:diorite":12,"minecraft:ink_sac":2,"minecraft:string":4,"minecraft:bucket":1,"minecraft:flow_pottery_sherd":1,"minecraft:oak_trapdoor":1,"minecraft:white_carpet":2,"minecraft:chicken":2,"minecraft:smoker":2,"minecraft:blast_furnace":4,"minecraft:potato":8,"minecraft:spruce_boat":1,"minecraft:iron_chestplate":3,"minecraft:andesite":46,"minecraft:oak_boat":1,"minecraft:oak_sapling":29,"minecraft:redstone_torch":5,"minecraft:spider_eye":1,"minecraft:bow":2,"minecraft:wooden_pickaxe":1,"minecraft:nautilus_shell":1,"minecraft:brick":37},"minecraft:killed":{"minecraft:spider":14,"minecraft:skeleton":29,"minecraft:chicken":2,"minecraft:silverfish":24,"minecraft:turtle":1,"minecraft:magma_cube":25,"minecraft:piglin":1,"minecraft:pig":5,"minecraft:zombie_villager":3,"minecraft:creeper":17,"minecraft:sheep":9,"minecraft:trader_llama":2,"minecraft:pillager":1,"minecraft:zombie":69,"minecraft:stray":51,"minecraft:blaze":11,"minecraft:cow":33,"minecraft:phantom":1,"minecraft:drowned":14,"minecraft:husk":48,"minecraft:rabbit":4,"minecraft:wandering_trader":1,"minecraft:breeze":7,"minecraft:wither_skeleton":11,"minecraft:villager":1,"minecraft:enderman":1},"minecraft:broken":{"minecraft:golden_helmet":2,"minecraft:golden_boots":2,"minecraft:iron_boots":1,"minecraft:iron_leggings":1,"minecraft:stone_pickaxe":1,"minecraft:diamond_shovel":3,"minecraft:diamond_pickaxe":2,"minecraft:stone_axe":1,"minecraft:stone_sword":1,"minecraft:shield":2,"minecraft:diamond_axe":1,"minecraft:iron_pickaxe":2},"minecraft:crafted":{"minecraft:ender_chest":1,"minecraft:brick":16,"minecraft:oak_planks":1032,"minecraft:barrel":4,"minecraft:cobblestone_slab":66,"minecraft:oak_sign":3,"minecraft:blaze_powder":2,"minecraft:oak_pressure_plate":2,"minecraft:lightning_rod":1,"minecraft:stone":88,"minecraft:diamond_shovel":4,"minecraft:bookshelf":8,"minecraft:heavy_weighted_pressure_plate":2,"minecraft:cooked_mutton":11,"minecraft:quartz_block":12,"minecraft:glass":650,"minecraft:bow":2,"minecraft:iron_boots":3,"minecraft:chest":42,"minecraft:oak_button":1,"minecraft:rail":64,"minecraft:ender_eye":1,"minecraft:oak_fence":27,"minecraft:cooked_rabbit":3,"minecraft:flower_pot":14,"minecraft:dropper":1,"minecraft:quartz_stairs":4,"minecraft:item_frame":20,"minecraft:oak_slab":162,"minecraft:emerald":38,"minecraft:cooked_porkchop":13,"minecraft:diamond_axe":3,"minecraft:crafting_table":6,"minecraft:spruce_planks":1230,"minecraft:wooden_pickaxe":1,"minecraft:iron_helmet":2,"minecraft:spruce_door":6,"minecraft:clock":1,"minecraft:copper_ingot":3,"minecraft:painting":4,"minecraft:dispenser":1,"minecraft:spruce_trapdoor":80,"minecraft:iron_chestplate":1,"minecraft:book":6,"minecraft:paper":18,"minecraft:diamond_pickaxe":3,"minecraft:shield":4,"minecraft:crafter":1,"minecraft:light_weighted_pressure_plate":1,"minecraft:stick":196,"minecraft:iron_ingot":165,"minecraft:iron_pickaxe":2,"minecraft:stone_sword":1,"minecraft:gold_ingot":7,"minecraft:redstone_torch":17,"minecraft:composter":2,"minecraft:shears":1,"minecraft:redstone":9,"minecraft:iron_nugget":54,"minecraft:diamond_hoe":1,"minecraft:furnace":10,"minecraft:stone_button":1,"minecraft:bone_meal":54,"minecraft:white_carpet":33,"minecraft:glass_pane":80,"minecraft:oak_trapdoor":4,"minecraft:flint_and_steel":1,"minecraft:stone_stairs":8,"minecraft:lantern":7,"minecraft:spruce_stairs":104,"minecraft:ladder":9,"minecraft:spruce_slab":6,"minecraft:stone_pickaxe":2,"minecraft:chiseled_bookshelf":6,"minecraft:quartz_slab":6,"minecraft:spruce_boat":5,"minecraft:redstone_block":16,"minecraft:golden_helmet":1,"minecraft:minecart":2,"minecraft:cooked_beef":75,"minecraft:diamond_sword":2,"minecraft:enchanting_table":1,"minecraft:powered_rail":12,"minecraft:bucket":2,"minecraft:stone_axe":2,"minecraft:glowstone":49,"minecraft:air":0,"minecraft:bread":60,"minecraft:oak_boat":1,"minecraft:white_wool":33,"minecraft:oak_stairs":64,"minecraft:iron_leggings":3,"minecraft:white_bed":5,"minecraft:note_block":4,"minecraft:pumpkin_pie":40,"minecraft:torch":60,"minecraft:lapis_block":9},"minecraft:killed_by":{"minecraft:wither_skeleton":1,"minecraft:creeper":4,"minecraft:zombie":3,"minecraft:husk":3,"minecraft:player":2,"minecraft:stray":1,"minecraft:enderman":2,"minecraft:skeleton":2}},"DataVersion":3953}