{"stats":{"minecraft:custom":{"minecraft:time_since_rest":9771,"minecraft:interact_with_furnace":4,"minecraft:sprint_one_cm":39590,"minecraft:damage_taken":569,"minecraft:walk_one_cm":56433,"minecraft:mob_kills":10,"minecraft:drop":10,"minecraft:damage_dealt":1070,"minecraft:swim_one_cm":4744,"minecraft:interact_with_crafting_table":6,"minecraft:fly_one_cm":58412,"minecraft:crouch_one_cm":279,"minecraft:play_time":16751,"minecraft:deaths":2,"minecraft:sneak_time":33,"minecraft:walk_under_water_one_cm":126,"minecraft:jump":327,"minecraft:leave_game":1,"minecraft:time_since_death":9742,"minecraft:walk_on_water_one_cm":1233,"minecraft:total_world_time":16751,"minecraft:fall_one_cm":8706},"minecraft:killed":{"minecraft:pig":7,"alexsmobs:terrapin":1,"naturalist:butterfly":1,"alexsmobs:raccoon":1},"minecraft:crafted":{"minecraft:cooked_porkchop":9,"minecraft:crafting_table":1,"minecraft:stick":8,"minecraft:wooden_pickaxe":1,"minecraft:stone_pickaxe":1,"minecraft:stone_sword":1,"minecraft:furnace":1,"minecraft:torch":24,"minecraft:birch_planks":24,"minecraft:stone_axe":1,"minecraft:air":0},"minecraft:mined":{"minecraft:furnace":1,"minecraft:iron_ore":8,"minecraft:sweet_berry_bush":5,"minecraft:andesite":17,"treechop:chopped_log":3,"minecraft:crafting_table":2,"gravestone:gravestone":1,"minecraft:grass":2,"minecraft:coal_ore":63,"minecraft:tall_grass":1,"minecraft:spruce_leaves":1,"minecraft:stone":28},"minecraft:killed_by":{"minecraft:player":2},"minecraft:used":{"minecraft:stone_sword":20,"minecraft:stone_pickaxe":116,"minecraft:wooden_pickaxe":3,"minecraft:stone_axe":48,"minecraft:cobblestone":1,"minecraft:sweet_berries":2,"minecraft:crafting_table":2,"minecraft:furnace":1,"minecraft:cooked_porkchop":1,"alexsmobs:animal_dictionary":4},"minecraft:dropped":{"alexsmobs:acacia_blossom":2,"alexsmobs:animal_dictionary":1,"minecraft:andesite":14,"minecraft:acacia_sapling":4,"minecraft:azalea":1,"gravestone:obituary":3,"minecraft:wooden_pickaxe":1},"minecraft:picked_up":{"minecraft:birch_log":6,"minecraft:raw_iron":8,"minecraft:stick":6,"minecraft:crafting_table":3,"minecraft:andesite":17,"minecraft:sweet_berries":13,"minecraft:jungle_log":15,"alexsmobs:acacia_blossom":2,"minecraft:acacia_wood":143,"minecraft:birch_planks":1,"minecraft:porkchop":14,"gravestone:obituary":1,"minecraft:stripped_acacia_log":70,"minecraft:stone_sword":1,"minecraft:stone_axe":1,"minecraft:stone_pickaxe":1,"minecraft:azalea":1,"minecraft:acacia_sapling":4,"minecraft:coal":63,"minecraft:cobblestone":28,"minecraft:furnace":1}},"DataVersion":3465}