{"stats":{"minecraft:picked_up":{"minecraft:wooden_axe":1,"minecraft:crafting_table":1,"minecraft:feather":6,"minecraft:chicken":5,"minecraft:andesite":15,"minecraft:leather":1,"minecraft:potato":74,"minecraft:tuff":5,"minecraft:oak_log":9,"minecraft:shield":1,"minecraft:dirt":39,"minecraft:string":4,"minecraft:raw_copper":5,"minecraft:bone":8,"minecraft:wheat_seeds":9,"minecraft:cobbled_deepslate":53,"minecraft:spruce_planks":2,"minecraft:beef":3,"minecraft:wooden_shovel":1,"minecraft:iron_pickaxe":1,"minecraft:sugar_cane":17,"minecraft:egg":1,"minecraft:stick":4,"minecraft:raw_iron":18,"minecraft:pumpkin":3,"minecraft:sweet_berries":17,"minecraft:torch":234,"minecraft:poisonous_potato":1,"minecraft:gravel":2,"minecraft:sand":2,"minecraft:spruce_sapling":3,"minecraft:diorite":9,"minecraft:spruce_log":22,"minecraft:carrot":67,"minecraft:spruce_door":2,"minecraft:arrow":12,"minecraft:rotten_flesh":10,"minecraft:diamond":2,"minecraft:spruce_boat":2,"minecraft:peony":1,"minecraft:granite":31,"minecraft:mutton":12,"minecraft:coal":11,"minecraft:snowball":17,"minecraft:white_wool":3,"minecraft:cobblestone":225},"minecraft:dropped":{"minecraft:sweet_berries":1,"minecraft:cobbled_deepslate":5,"minecraft:potato":1,"minecraft:mutton":2,"minecraft:pumpkin":1,"minecraft:iron_pickaxe":1},"minecraft:used":{"minecraft:peony":1,"minecraft:stone_pickaxe":21,"minecraft:baked_potato":12,"minecraft:oak_planks":4,"minecraft:spruce_planks":2,"minecraft:wooden_pickaxe":4,"minecraft:shield":8,"minecraft:iron_sword":59,"minecraft:wooden_shovel":17,"minecraft:rotten_flesh":2,"minecraft:torch":248,"minecraft:dirt":17,"minecraft:sand":1,"minecraft:mutton":2,"minecraft:crafting_table":4,"minecraft:carrot":34,"minecraft:white_bed":1,"minecraft:snowball":16,"minecraft:spruce_boat":2,"minecraft:wooden_axe":48,"minecraft:chicken":1,"minecraft:iron_pickaxe":367,"minecraft:gravel":2,"minecraft:cobblestone":15,"minecraft:sweet_berries":14,"minecraft:egg":1,"minecraft:potato":29,"minecraft:pumpkin":2},"minecraft:mined":{"minecraft:tuff":5,"minecraft:spruce_planks":2,"minecraft:deepslate_diamond_ore":3,"minecraft:crafting_table":1,"minecraft:granite":32,"minecraft:short_grass":54,"minecraft:grass_block":19,"minecraft:copper_ore":1,"minecraft:tall_grass":1,"minecraft:cobblestone":2,"minecraft:spruce_leaves":4,"minecraft:diorite":10,"minecraft:carrots":21,"minecraft:iron_ore":14,"minecraft:snow":1,"minecraft:wheat":3,"minecraft:sweet_berry_bush":1,"minecraft:spruce_log":22,"minecraft:birch_leaves":3,"minecraft:andesite":15,"minecraft:pumpkin":2,"minecraft:peony":1,"minecraft:potatoes":28,"minecraft:oak_log":10,"minecraft:coal_ore":11,"minecraft:deepslate_iron_ore":4,"minecraft:gravel":2,"minecraft:sand":3,"minecraft:dirt":20,"minecraft:packed_ice":5,"minecraft:cobweb":2,"minecraft:stone":242,"minecraft:oak_leaves":14,"minecraft:deepslate":44,"minecraft:fern":1},"minecraft:broken":{"minecraft:iron_pickaxe":1,"minecraft:wooden_axe":1},"minecraft:custom":{"minecraft:interact_with_furnace":13,"minecraft:mob_kills":21,"minecraft:interact_with_crafting_table":12,"minecraft:open_barrel":22,"minecraft:leave_game":6,"minecraft:time_since_death":18785,"minecraft:sleep_in_bed":12,"minecraft:time_since_rest":18843,"minecraft:sprint_one_cm":417817,"minecraft:damage_taken":3777,"minecraft:walk_one_cm":316399,"minecraft:damage_blocked_by_shield":654,"minecraft:drop":11,"minecraft:damage_dealt":2493,"minecraft:player_kills":3,"minecraft:swim_one_cm":81946,"minecraft:fly_one_cm":497360,"minecraft:talked_to_villager":1,"minecraft:open_chest":17,"minecraft:play_time":142536,"minecraft:crouch_one_cm":8545,"minecraft:sneak_time":3581,"minecraft:deaths":9,"minecraft:walk_under_water_one_cm":31658,"minecraft:boat_one_cm":15081,"minecraft:jump":2379,"minecraft:interact_with_blast_furnace":10,"minecraft:walk_on_water_one_cm":23385,"minecraft:total_world_time":142536,"minecraft:interact_with_smoker":15,"minecraft:fall_one_cm":61416},"minecraft:crafted":{"minecraft:oak_planks":16,"minecraft:crafting_table":3,"minecraft:spruce_planks":88,"minecraft:wooden_pickaxe":2,"minecraft:baked_potato":21,"minecraft:iron_sword":1,"minecraft:air":0,"minecraft:stick":74,"minecraft:iron_pickaxe":2,"minecraft:stone_pickaxe":1,"minecraft:wooden_axe":2,"minecraft:oak_button":1,"minecraft:white_bed":1,"minecraft:torch":84},"minecraft:killed":{"minecraft:spider":1,"minecraft:skeleton":3,"minecraft:sheep":1,"minecraft:zombie":4,"minecraft:chicken":3,"minecraft:cow":1},"minecraft:killed_by":{"minecraft:player":1,"minecraft:skeleton":1,"minecraft:stray":1,"minecraft:creeper":1,"minecraft:spider":1,"minecraft:zombie":3}},"DataVersion":3953}