{"stats":{"minecraft:custom":{"minecraft:open_chest":2,"minecraft:time_since_rest":16582,"minecraft:crouch_one_cm":827,"minecraft:play_time":16582,"minecraft:sprint_one_cm":43421,"minecraft:damage_taken":165,"minecraft:walk_one_cm":44314,"minecraft:sneak_time":255,"minecraft:walk_under_water_one_cm":1351,"minecraft:mob_kills":1,"minecraft:jump":190,"minecraft:damage_dealt":295,"minecraft:leave_game":5,"minecraft:time_since_death":16582,"minecraft:walk_on_water_one_cm":2220,"minecraft:total_world_time":16582,"minecraft:interact_with_crafting_table":1,"minecraft:fall_one_cm":5118,"minecraft:fly_one_cm":179166,"minecraft:player_kills":2},"minecraft:killed":{"minecraft:creeper":1},"minecraft:crafted":{"minecraft:crafting_table":1,"minecraft:jungle_planks":4},"minecraft:mined":{"minecraft:large_fern":19,"minecraft:grass":130,"minecraft:grass_block":8,"minecraft:tall_grass":36,"treechop:chopped_log":1,"minecraft:fern":10},"minecraft:used":{"minecraft:crafting_table":1,"alexsmobs:animal_dictionary":1,"the_bumblezone:stinger_spear":10},"minecraft:picked_up":{"minecraft:jungle_log":1,"minecraft:wheat_seeds":22,"minecraft:birch_planks":12,"minecraft:gunpowder":2,"minecraft:dirt":8}},"DataVersion":3465}