{"stats":{"minecraft:custom":{"minecraft:jump":30,"minecraft:open_chest":6,"minecraft:time_since_rest":4527,"minecraft:crouch_one_cm":94,"minecraft:sprint_one_cm":4855,"minecraft:play_time":4527,"minecraft:damage_taken":20,"minecraft:time_since_death":4527,"minecraft:walk_one_cm":2100,"minecraft:sneak_time":29,"minecraft:total_world_time":4527,"minecraft:drop":1,"minecraft:fall_one_cm":880,"minecraft:fly_one_cm":61533,"minecraft:open_barrel":2},"minecraft:dropped":{"alexsmobs:animal_dictionary":1},"minecraft:picked_up":{"alexsmobs:animal_dictionary":1},"minecraft:used":{"alexsmobs:animal_dictionary":1}},"DataVersion":3465}