{"stats":{"minecraft:killed_by":{"minecraft:skeleton":1},"minecraft:picked_up":{"minecraft:iron_chestplate":1,"minecraft:crafting_table":1,"minecraft:wheat":64,"minecraft:feather":1,"minecraft:chicken":1,"minecraft:jungle_log":1,"minecraft:jungle_wood":1,"minecraft:oak_log":1,"minecraft:yellow_bed":1,"minecraft:acacia_boat":1,"minecraft:cornflower":1,"minecraft:dirt":1,"minecraft:iron_leggings":1,"minecraft:item_frame":6,"minecraft:armor_stand":1,"minecraft:bow":1,"minecraft:wheat_seeds":41,"minecraft:iron_pickaxe":1,"minecraft:chest":2,"minecraft:acacia_sapling":1,"minecraft:iron_sword":1,"minecraft:iron_boots":2,"minecraft:book":1,"minecraft:stick":1,"minecraft:acacia_log":7,"minecraft:spruce_stairs":2,"minecraft:spruce_sapling":3,"minecraft:white_bed":2,"minecraft:spruce_log":73,"alexsmobs:animal_dictionary":1,"minecraft:stone_sword":1,"minecraft:beetroot_seeds":1,"minecraft:iron_helmet":1,"minecraft:stripped_dark_oak_wood":64,"minecraft:saddle":1,"minecraft:coal":9,"minecraft:white_wool":1,"minecraft:cobblestone":5},"minecraft:custom":{"minecraft:mob_kills":3,"minecraft:interact_with_crafting_table":6,"minecraft:eat_cake_slice":6,"minecraft:leave_game":2,"minecraft:time_since_death":38464,"minecraft:sleep_in_bed":2,"minecraft:climb_one_cm":780,"minecraft:time_since_rest":14698,"minecraft:sprint_one_cm":158449,"minecraft:damage_taken":726,"minecraft:walk_one_cm":99692,"minecraft:drop":1,"minecraft:damage_dealt":663,"minecraft:swim_one_cm":13730,"minecraft:talked_to_villager":2,"minecraft:fly_one_cm":82432,"minecraft:player_kills":1,"minecraft:open_chest":23,"minecraft:crouch_one_cm":426,"minecraft:play_time":42530,"minecraft:deaths":1,"minecraft:sneak_time":277,"minecraft:walk_under_water_one_cm":3982,"minecraft:boat_one_cm":35857,"minecraft:jump":510,"minecraft:walk_on_water_one_cm":6525,"minecraft:total_world_time":42530,"minecraft:fall_one_cm":13635,"minecraft:horse_one_cm":677444},"minecraft:crafted":{"minecraft:crafting_table":2,"minecraft:spruce_planks":32,"minecraft:stone_axe":1,"minecraft:acacia_boat":2,"minecraft:stick":56,"minecraft:acacia_planks":28},"minecraft:mined":{"minecraft:white_bed":1,"minecraft:crafting_table":1,"gravestone:gravestone":2,"minecraft:grass_block":2,"minecraft:tall_grass":6,"minecraft:spruce_stairs":1,"minecraft:wheat":93,"minecraft:spruce_log":1,"treechop:chopped_log":1,"minecraft:grass":4,"minecraft:coal_ore":10,"minecraft:stone":5},"minecraft:killed":{"minecraft:pig":2,"minecraft:chicken":1},"minecraft:used":{"minecraft:acacia_boat":2,"minecraft:chest":3,"minecraft:iron_sword":18,"minecraft:crafting_table":3,"minecraft:spruce_stairs":2,"minecraft:white_bed":1,"minecraft:spruce_log":1,"minecraft:apple":4,"minecraft:bread":7,"minecraft:iron_pickaxe":81,"minecraft:stone_axe":8},"minecraft:dropped":{"minecraft:iron_boots":1}},"DataVersion":3465}