{"stats":{"minecraft:crafted":{"minecraft:crafting_table":1,"minecraft:jungle_planks":4},"minecraft:custom":{"minecraft:time_since_rest":9283,"minecraft:crouch_one_cm":363,"minecraft:sprint_one_cm":41285,"minecraft:play_time":9283,"minecraft:damage_taken":165,"minecraft:walk_one_cm":23541,"minecraft:sneak_time":144,"minecraft:jump":159,"minecraft:damage_dealt":38,"minecraft:walk_on_water_one_cm":454,"minecraft:leave_game":3,"minecraft:time_since_death":9283,"minecraft:total_world_time":9283,"minecraft:interact_with_crafting_table":1,"minecraft:fall_one_cm":4433,"minecraft:fly_one_cm":92963},"minecraft:used":{"minecraft:crafting_table":1,"alexsmobs:animal_dictionary":1},"minecraft:picked_up":{"minecraft:jungle_log":1,"minecraft:wheat_seeds":22,"minecraft:dirt":8},"minecraft:mined":{"minecraft:large_fern":19,"minecraft:grass":130,"minecraft:grass_block":8,"minecraft:tall_grass":36,"treechop:chopped_log":1,"minecraft:fern":10}},"DataVersion":3465}