{"stats":{"minecraft:dropped":{"minecraft:bread":295,"minecraft:oak_slab":1,"minecraft:golden_helmet":1,"minecraft:cobblestone":10,"minecraft:granite":9,"minecraft:rail":52,"minecraft:emerald":1,"minecraft:bone_meal":9,"minecraft:tripwire_hook":2,"minecraft:bone":3,"minecraft:gravel":1,"minecraft:stone_axe":5,"minecraft:blackstone":5,"minecraft:oak_trapdoor":5,"minecraft:cobbled_deepslate":38,"minecraft:raw_copper":18,"minecraft:stone_shovel":1,"minecraft:rotten_flesh":24,"universal_graves:grave_compass":1,"minecraft:oak_planks":2,"minecraft:white_bed":3,"minecraft:carrot":21,"minecraft:potato":2,"minecraft:oak_button":1,"minecraft:spruce_trapdoor":1,"minecraft:spruce_planks":1,"minecraft:oak_boat":1,"minecraft:oak_sapling":75,"minecraft:spruce_slab":2,"minecraft:basalt":6,"minecraft:arrow":3,"minecraft:stone_pickaxe":4,"minecraft:wooden_pickaxe":3,"minecraft:netherrack":5,"minecraft:egg":8},"minecraft:killed_by":{"minecraft:player":3,"minecraft:creeper":2,"minecraft:enderman":1,"minecraft:cave_spider":1,"minecraft:skeleton":8,"minecraft:zombie":8},"minecraft:killed":{"minecraft:witch":1,"minecraft:spider":1,"minecraft:skeleton":5,"minecraft:creeper":2,"minecraft:sheep":3,"minecraft:zombie":47,"minecraft:player":1,"minecraft:enderman":1,"minecraft:cow":2},"minecraft:broken":{"minecraft:golden_leggings":1,"minecraft:stone_pickaxe":2,"minecraft:iron_pickaxe":1},"minecraft:picked_up":{"minecraft:crafting_table":3,"minecraft:iron_chestplate":1,"minecraft:wheat":1,"minecraft:ladder":2,"minecraft:flower_pot":1,"minecraft:chest_minecart":1,"minecraft:wooden_pickaxe":2,"minecraft:string":3022,"minecraft:oak_trapdoor":4,"minecraft:raw_copper":28,"minecraft:blackstone":5,"minecraft:cobbled_deepslate":306,"minecraft:gold_nugget":46,"minecraft:detector_rail":1,"minecraft:spruce_planks":3,"minecraft:beef":3,"minecraft:oak_boat":3,"minecraft:redstone_torch":4,"minecraft:spruce_slab":2,"minecraft:minecart":5,"minecraft:sugar_cane":13,"minecraft:chest":2,"minecraft:spruce_trapdoor":1,"minecraft:furnace":2,"minecraft:egg":20,"minecraft:golden_helmet":1,"minecraft:stick":40,"minecraft:raw_iron":88,"minecraft:torch":38,"minecraft:pointed_dripstone":1,"minecraft:diorite":15,"minecraft:carrot":34,"minecraft:redstone":171,"minecraft:arrow":4,"minecraft:rotten_flesh":46,"minecraft:peony":14,"minecraft:mutton":5,"minecraft:rail":39,"minecraft:white_wool":3,"minecraft:cobblestone":378,"minecraft:birch_log":1,"minecraft:basalt":6,"minecraft:tripwire_hook":2,"minecraft:leather":1,"minecraft:golden_leggings":1,"minecraft:red_mushroom":4,"minecraft:potato":5,"minecraft:oak_log":117,"minecraft:flint":1,"minecraft:tuff":27,"minecraft:stripped_spruce_wood":7,"minecraft:gunpowder":3,"minecraft:lapis_lazuli":56,"minecraft:dirt":1304,"minecraft:blue_bed":4,"minecraft:white_banner":1,"minecraft:bone":7,"minecraft:apple":7,"minecraft:wheat_seeds":5,"minecraft:raw_gold":33,"minecraft:powered_rail":3,"minecraft:oak_planks":33,"minecraft:oak_slab":1,"minecraft:pumpkin":17,"minecraft:quartz":7,"minecraft:dandelion":1,"minecraft:gravel":15,"minecraft:spruce_sapling":1,"minecraft:white_bed":8,"minecraft:spruce_log":21,"minecraft:barrel":5,"minecraft:spruce_boat":1,"minecraft:diamond":22,"minecraft:stone_axe":1,"minecraft:granite":28,"minecraft:emerald":1,"minecraft:oak_sapling":79,"minecraft:netherrack":5,"minecraft:coal":64,"minecraft:ender_pearl":1},"minecraft:custom":{"minecraft:mob_kills":64,"minecraft:interact_with_crafting_table":44,"minecraft:open_barrel":42,"minecraft:leave_game":12,"minecraft:time_since_death":19023,"minecraft:climb_one_cm":114469,"minecraft:sprint_one_cm":1023462,"minecraft:walk_one_cm":977409,"minecraft:damage_blocked_by_shield":2070,"minecraft:drop":239,"minecraft:talked_to_villager":85,"minecraft:play_time":471904,"minecraft:sneak_time":15084,"minecraft:deaths":28,"minecraft:walk_under_water_one_cm":29308,"minecraft:boat_one_cm":63911,"minecraft:jump":4821,"minecraft:interact_with_blast_furnace":11,"minecraft:walk_on_water_one_cm":33788,"minecraft:enchant_item":2,"minecraft:total_world_time":471904,"minecraft:interact_with_furnace":45,"minecraft:traded_with_villager":266,"minecraft:sleep_in_bed":33,"minecraft:time_since_rest":19100,"minecraft:open_enderchest":1,"minecraft:damage_taken":12713,"minecraft:damage_dealt":12407,"minecraft:player_kills":1,"minecraft:swim_one_cm":24748,"minecraft:fly_one_cm":726408,"minecraft:open_chest":125,"minecraft:crouch_one_cm":53237,"minecraft:interact_with_smoker":1,"minecraft:fall_one_cm":164508,"minecraft:inspect_dispenser":8},"minecraft:mined":{"minecraft:nether_gold_ore":11,"minecraft:white_bed":4,"minecraft:tuff":25,"minecraft:spruce_planks":5,"minecraft:oak_sapling":10,"minecraft:deepslate_diamond_ore":22,"minecraft:granite":28,"minecraft:grass_block":8,"minecraft:spruce_leaves":1,"minecraft:red_mushroom":4,"minecraft:spawner":1,"minecraft:large_fern":1,"minecraft:redstone_ore":11,"minecraft:oak_trapdoor":3,"minecraft:furnace":2,"minecraft:iron_ore":40,"minecraft:barrel":5,"minecraft:cobbled_deepslate":5,"minecraft:fire":1,"minecraft:pumpkin":17,"minecraft:deepslate_lapis_ore":8,"minecraft:peony":15,"minecraft:potatoes":2,"minecraft:pointed_dripstone":1,"minecraft:potted_dandelion":1,"minecraft:deepslate_iron_ore":48,"minecraft:dirt_path":1,"minecraft:rail":40,"minecraft:stone":359,"minecraft:white_banner":1,"minecraft:redstone_wall_torch":1,"minecraft:spruce_slab":1,"minecraft:tripwire":1,"minecraft:deepslate_redstone_ore":26,"minecraft:oak_slab":1,"minecraft:blackstone":5,"minecraft:basalt":6,"minecraft:dandelion":1,"minecraft:crafting_table":3,"minecraft:torch":21,"minecraft:short_grass":4,"minecraft:chest":3,"minecraft:nether_quartz_ore":8,"minecraft:copper_ore":3,"minecraft:glass":116,"minecraft:deepslate_coal_ore":2,"minecraft:cobblestone":28,"minecraft:deepslate_gold_ore":33,"minecraft:oak_planks":18,"minecraft:sugar_cane":3,"minecraft:diorite":15,"minecraft:blue_bed":4,"minecraft:wall_torch":16,"minecraft:deepslate_copper_ore":2,"minecraft:powered_rail":4,"minecraft:stripped_spruce_wood":7,"minecraft:birch_log":1,"minecraft:redstone_torch":1,"minecraft:wheat":1,"minecraft:spruce_log":22,"minecraft:oak_log":9,"minecraft:coal_ore":64,"minecraft:gravel":14,"minecraft:dirt":22,"minecraft:netherrack":5,"minecraft:oak_leaves":29,"minecraft:deepslate":300},"minecraft:used":{"minecraft:oak_trapdoor":7,"minecraft:stone_shovel":6,"minecraft:dispenser":2,"minecraft:ladder":102,"minecraft:oak_sign":3,"minecraft:chest":4,"minecraft:spruce_planks":8,"minecraft:shield":28,"minecraft:rotten_flesh":33,"minecraft:torch":145,"minecraft:dirt":33,"minecraft:carrot":13,"minecraft:tuff":26,"minecraft:spruce_boat":3,"minecraft:glass":30,"minecraft:lava_bucket":7,"minecraft:barrel":5,"minecraft:tripwire_hook":4,"minecraft:oak_sapling":4,"minecraft:furnace":3,"minecraft:minecart":2,"minecraft:egg":12,"minecraft:potato":1,"minecraft:pointed_dripstone":1,"minecraft:cobbled_deepslate":127,"minecraft:pumpkin":2,"minecraft:water_bucket":20,"minecraft:stone_pickaxe":443,"minecraft:powered_rail":3,"minecraft:oak_planks":37,"minecraft:wooden_pickaxe":29,"minecraft:blue_bed":3,"minecraft:diamond_axe":137,"minecraft:glow_berries":4,"minecraft:rail":8,"minecraft:crafting_table":13,"minecraft:white_bed":2,"minecraft:shears":1,"minecraft:redstone_torch":4,"minecraft:oak_log":4,"minecraft:flower_pot":1,"minecraft:diamond_pickaxe":298,"minecraft:apple":2,"minecraft:iron_pickaxe":390,"minecraft:string":5,"minecraft:oak_button":1,"minecraft:bread":89,"minecraft:spruce_trapdoor":2,"minecraft:gravel":2,"minecraft:spruce_sapling":1,"minecraft:stone_axe":122,"minecraft:cobblestone":59,"minecraft:white_banner":1,"minecraft:bucket":30,"minecraft:oak_boat":3,"minecraft:dandelion":1},"minecraft:crafted":{"minecraft:oak_planks":272,"minecraft:stone_shovel":1,"minecraft:oak_sign":3,"minecraft:tripwire_hook":4,"minecraft:furnace":1,"minecraft:bone_meal":9,"minecraft:oak_trapdoor":8,"minecraft:bow":2,"minecraft:iron_boots":1,"minecraft:ladder":144,"minecraft:stone_pickaxe":6,"minecraft:chest":2,"minecraft:oak_button":2,"minecraft:spruce_boat":2,"minecraft:emerald":151,"minecraft:diamond_axe":1,"minecraft:crafting_table":10,"minecraft:spruce_planks":112,"minecraft:iron_helmet":1,"minecraft:wooden_pickaxe":1,"minecraft:bucket":2,"minecraft:birch_planks":4,"minecraft:stone_axe":5,"minecraft:bread":690,"minecraft:air":0,"minecraft:dispenser":2,"minecraft:oak_boat":1,"minecraft:iron_chestplate":2,"minecraft:diamond_pickaxe":1,"minecraft:shield":1,"minecraft:stick":388,"minecraft:iron_ingot":65,"minecraft:compass":1,"minecraft:iron_pickaxe":2,"minecraft:iron_leggings":1,"minecraft:white_bed":1,"minecraft:torch":124,"minecraft:shears":1}},"DataVersion":3953}