{"stats":{"minecraft:custom":{"minecraft:mob_kills":22,"minecraft:interact_with_crafting_table":30,"minecraft:open_barrel":8,"minecraft:leave_game":11,"minecraft:time_since_death":2916,"minecraft:climb_one_cm":34725,"minecraft:sprint_one_cm":456238,"minecraft:walk_one_cm":478858,"minecraft:drop":31,"minecraft:talked_to_villager":13,"minecraft:play_time":259990,"minecraft:deaths":18,"minecraft:sneak_time":5160,"minecraft:walk_under_water_one_cm":10833,"minecraft:boat_one_cm":59535,"minecraft:jump":2789,"minecraft:interact_with_blast_furnace":1,"minecraft:walk_on_water_one_cm":20037,"minecraft:total_world_time":259990,"minecraft:interact_with_furnace":25,"minecraft:traded_with_villager":3,"minecraft:sleep_in_bed":28,"minecraft:time_since_rest":2943,"minecraft:damage_taken":7026,"minecraft:damage_dealt":4301,"minecraft:swim_one_cm":4887,"minecraft:fly_one_cm":460103,"minecraft:player_kills":1,"minecraft:open_chest":44,"minecraft:crouch_one_cm":15304,"minecraft:interact_with_smoker":1,"minecraft:fall_one_cm":98102,"minecraft:inspect_dispenser":2},"minecraft:used":{"minecraft:oak_trapdoor":6,"minecraft:dispenser":2,"minecraft:stone_shovel":6,"minecraft:ladder":94,"minecraft:oak_sign":1,"minecraft:chest":2,"minecraft:spruce_planks":8,"minecraft:rotten_flesh":29,"minecraft:torch":87,"minecraft:dirt":32,"minecraft:carrot":4,"minecraft:spruce_boat":3,"minecraft:glass":30,"minecraft:lava_bucket":7,"minecraft:tripwire_hook":2,"minecraft:furnace":3,"minecraft:oak_sapling":4,"minecraft:egg":5,"minecraft:cobbled_deepslate":19,"minecraft:pumpkin":2,"minecraft:pointed_dripstone":1,"minecraft:water_bucket":9,"minecraft:stone_pickaxe":366,"minecraft:oak_planks":19,"minecraft:wooden_pickaxe":29,"minecraft:blue_bed":3,"minecraft:glow_berries":4,"minecraft:crafting_table":10,"minecraft:white_bed":2,"minecraft:oak_log":2,"minecraft:flower_pot":1,"minecraft:apple":2,"minecraft:oak_button":1,"minecraft:bread":25,"minecraft:string":2,"minecraft:iron_pickaxe":230,"minecraft:spruce_trapdoor":2,"minecraft:spruce_sapling":1,"minecraft:gravel":1,"minecraft:stone_axe":97,"minecraft:cobblestone":37,"minecraft:white_banner":1,"minecraft:bucket":18,"minecraft:dandelion":1},"minecraft:mined":{"minecraft:nether_gold_ore":11,"minecraft:spruce_planks":4,"minecraft:white_bed":4,"minecraft:oak_sapling":3,"minecraft:deepslate_diamond_ore":11,"minecraft:granite":14,"minecraft:grass_block":7,"minecraft:spruce_leaves":1,"minecraft:red_mushroom":4,"minecraft:spawner":1,"minecraft:large_fern":1,"minecraft:redstone_ore":9,"minecraft:oak_trapdoor":3,"minecraft:furnace":2,"minecraft:iron_ore":28,"minecraft:cobbled_deepslate":2,"minecraft:pumpkin":17,"minecraft:peony":15,"minecraft:pointed_dripstone":1,"minecraft:potted_dandelion":1,"minecraft:potatoes":2,"minecraft:deepslate_iron_ore":29,"minecraft:dirt_path":1,"minecraft:rail":33,"minecraft:white_banner":1,"minecraft:stone":276,"minecraft:deepslate_redstone_ore":10,"minecraft:blackstone":5,"minecraft:basalt":6,"minecraft:dandelion":1,"minecraft:crafting_table":2,"minecraft:torch":5,"minecraft:short_grass":3,"minecraft:chest":3,"minecraft:nether_quartz_ore":8,"minecraft:glass":17,"minecraft:copper_ore":3,"minecraft:cobblestone":16,"minecraft:deepslate_gold_ore":19,"minecraft:sugar_cane":3,"minecraft:oak_planks":9,"minecraft:diorite":11,"minecraft:blue_bed":4,"minecraft:wall_torch":6,"minecraft:stripped_spruce_wood":7,"minecraft:birch_log":1,"minecraft:wheat":1,"minecraft:spruce_log":22,"minecraft:coal_ore":47,"minecraft:oak_log":6,"minecraft:dirt":22,"minecraft:gravel":8,"minecraft:netherrack":5,"minecraft:oak_leaves":4,"minecraft:deepslate":46},"minecraft:picked_up":{"minecraft:crafting_table":2,"minecraft:wheat":1,"minecraft:flower_pot":1,"minecraft:chest_minecart":1,"minecraft:wooden_pickaxe":2,"minecraft:string":3,"minecraft:oak_trapdoor":4,"minecraft:raw_copper":9,"minecraft:blackstone":5,"minecraft:gold_nugget":46,"minecraft:detector_rail":1,"minecraft:cobbled_deepslate":47,"minecraft:spruce_planks":2,"minecraft:beef":3,"minecraft:sugar_cane":13,"minecraft:chest":2,"minecraft:spruce_trapdoor":1,"minecraft:egg":6,"minecraft:furnace":2,"minecraft:golden_helmet":1,"minecraft:raw_iron":57,"minecraft:stick":21,"minecraft:torch":12,"minecraft:pointed_dripstone":1,"minecraft:diorite":11,"minecraft:carrot":25,"minecraft:redstone":94,"minecraft:rotten_flesh":14,"minecraft:arrow":2,"minecraft:peony":14,"minecraft:mutton":5,"minecraft:cobblestone":283,"minecraft:white_wool":3,"minecraft:rail":31,"minecraft:birch_log":1,"minecraft:basalt":6,"minecraft:tripwire_hook":2,"minecraft:leather":1,"minecraft:golden_leggings":1,"minecraft:red_mushroom":4,"minecraft:potato":3,"minecraft:flint":1,"minecraft:stripped_spruce_wood":7,"minecraft:oak_log":64,"minecraft:gunpowder":1,"minecraft:blue_bed":4,"minecraft:dirt":1303,"minecraft:white_banner":1,"minecraft:bone":3,"minecraft:apple":2,"minecraft:wheat_seeds":5,"minecraft:raw_gold":19,"minecraft:oak_planks":10,"minecraft:pumpkin":17,"minecraft:quartz":7,"minecraft:dandelion":1,"minecraft:gravel":9,"minecraft:spruce_sapling":1,"minecraft:white_bed":4,"minecraft:spruce_log":21,"minecraft:diamond":11,"minecraft:spruce_boat":1,"minecraft:granite":14,"minecraft:oak_sapling":44,"minecraft:netherrack":5,"minecraft:coal":45},"minecraft:dropped":{"minecraft:golden_helmet":1,"universal_graves:grave_compass":1,"minecraft:carrot":21,"minecraft:spruce_trapdoor":1,"minecraft:basalt":6,"minecraft:stone_pickaxe":3,"minecraft:wooden_pickaxe":3},"minecraft:killed":{"minecraft:witch":1,"minecraft:skeleton":1,"minecraft:creeper":1,"minecraft:sheep":3,"minecraft:zombie":14,"minecraft:player":1,"minecraft:cow":2},"minecraft:broken":{"minecraft:golden_leggings":1,"minecraft:stone_pickaxe":2},"minecraft:crafted":{"minecraft:oak_planks":248,"minecraft:stone_shovel":1,"minecraft:oak_sign":3,"minecraft:tripwire_hook":4,"minecraft:furnace":1,"minecraft:oak_trapdoor":6,"minecraft:bow":2,"minecraft:ladder":144,"minecraft:stone_pickaxe":5,"minecraft:oak_button":1,"minecraft:spruce_boat":2,"minecraft:crafting_table":8,"minecraft:spruce_planks":112,"minecraft:wooden_pickaxe":1,"minecraft:bucket":1,"minecraft:birch_planks":4,"minecraft:stone_axe":2,"minecraft:bread":18,"minecraft:air":0,"minecraft:dispenser":2,"minecraft:iron_chestplate":2,"minecraft:stick":388,"minecraft:compass":1,"minecraft:iron_pickaxe":2,"minecraft:iron_ingot":33,"minecraft:white_bed":1,"minecraft:torch":120},"minecraft:killed_by":{"minecraft:player":2,"minecraft:creeper":2,"minecraft:cave_spider":1,"minecraft:skeleton":6,"minecraft:zombie":5}},"DataVersion":3953}