{"stats":{"minecraft:custom":{"minecraft:mob_kills":11,"minecraft:interact_with_crafting_table":20,"minecraft:open_barrel":5,"minecraft:leave_game":11,"minecraft:time_since_death":4475,"minecraft:climb_one_cm":19294,"minecraft:sprint_one_cm":291155,"minecraft:walk_one_cm":306222,"minecraft:drop":25,"minecraft:talked_to_villager":13,"minecraft:play_time":187990,"minecraft:deaths":9,"minecraft:sneak_time":3324,"minecraft:walk_under_water_one_cm":8674,"minecraft:boat_one_cm":59535,"minecraft:jump":2119,"minecraft:interact_with_blast_furnace":1,"minecraft:walk_on_water_one_cm":14724,"minecraft:total_world_time":187990,"minecraft:interact_with_furnace":8,"minecraft:traded_with_villager":3,"minecraft:sleep_in_bed":21,"minecraft:time_since_rest":4543,"minecraft:damage_taken":3833,"minecraft:damage_dealt":2340,"minecraft:swim_one_cm":4615,"minecraft:fly_one_cm":381628,"minecraft:player_kills":1,"minecraft:open_chest":30,"minecraft:crouch_one_cm":10825,"minecraft:interact_with_smoker":1,"minecraft:fall_one_cm":67803},"minecraft:mined":{"minecraft:spruce_planks":4,"minecraft:white_bed":3,"minecraft:oak_sapling":3,"minecraft:deepslate_diamond_ore":10,"minecraft:granite":14,"minecraft:grass_block":7,"minecraft:spruce_leaves":1,"minecraft:red_mushroom":4,"minecraft:spawner":1,"minecraft:large_fern":1,"minecraft:redstone_ore":9,"minecraft:oak_trapdoor":3,"minecraft:furnace":2,"minecraft:iron_ore":21,"minecraft:pumpkin":17,"minecraft:peony":15,"minecraft:pointed_dripstone":1,"minecraft:potted_dandelion":1,"minecraft:potatoes":2,"minecraft:deepslate_iron_ore":12,"minecraft:dirt_path":1,"minecraft:rail":33,"minecraft:stone":269,"minecraft:dandelion":1,"minecraft:crafting_table":2,"minecraft:torch":4,"minecraft:short_grass":3,"minecraft:chest":1,"minecraft:glass":9,"minecraft:copper_ore":3,"minecraft:cobblestone":11,"minecraft:deepslate_gold_ore":9,"minecraft:sugar_cane":3,"minecraft:oak_planks":7,"minecraft:diorite":11,"minecraft:blue_bed":4,"minecraft:wall_torch":1,"minecraft:stripped_spruce_wood":7,"minecraft:birch_log":1,"minecraft:wheat":1,"minecraft:spruce_log":22,"minecraft:coal_ore":47,"minecraft:oak_log":6,"minecraft:dirt":22,"minecraft:gravel":8,"minecraft:oak_leaves":4,"minecraft:deepslate":14},"minecraft:used":{"minecraft:oak_trapdoor":6,"minecraft:stone_shovel":6,"minecraft:ladder":71,"minecraft:oak_sign":1,"minecraft:spruce_planks":8,"minecraft:rotten_flesh":17,"minecraft:torch":45,"minecraft:dirt":32,"minecraft:spruce_boat":3,"minecraft:glass":11,"minecraft:lava_bucket":7,"minecraft:furnace":2,"minecraft:oak_sapling":4,"minecraft:pumpkin":2,"minecraft:pointed_dripstone":1,"minecraft:water_bucket":2,"minecraft:stone_pickaxe":317,"minecraft:oak_planks":2,"minecraft:wooden_pickaxe":29,"minecraft:blue_bed":3,"minecraft:glow_berries":4,"minecraft:crafting_table":9,"minecraft:white_bed":1,"minecraft:oak_log":2,"minecraft:bread":25,"minecraft:iron_pickaxe":149,"minecraft:spruce_trapdoor":2,"minecraft:spruce_sapling":1,"minecraft:gravel":1,"minecraft:stone_axe":66,"minecraft:cobblestone":27,"minecraft:bucket":10,"minecraft:dandelion":1},"minecraft:picked_up":{"minecraft:crafting_table":2,"minecraft:wheat":1,"minecraft:chest_minecart":1,"minecraft:wooden_pickaxe":2,"minecraft:oak_trapdoor":3,"minecraft:raw_copper":9,"minecraft:detector_rail":1,"minecraft:cobbled_deepslate":13,"minecraft:spruce_planks":2,"minecraft:beef":3,"minecraft:sugar_cane":13,"minecraft:egg":3,"minecraft:furnace":2,"minecraft:raw_iron":33,"minecraft:stick":21,"minecraft:torch":5,"minecraft:pointed_dripstone":1,"minecraft:diorite":11,"minecraft:carrot":21,"minecraft:redstone":48,"minecraft:rotten_flesh":5,"minecraft:arrow":1,"minecraft:peony":14,"minecraft:mutton":5,"minecraft:cobblestone":272,"minecraft:white_wool":3,"minecraft:rail":31,"minecraft:birch_log":1,"minecraft:leather":1,"minecraft:red_mushroom":4,"minecraft:potato":2,"minecraft:flint":1,"minecraft:stripped_spruce_wood":7,"minecraft:oak_log":64,"minecraft:gunpowder":1,"minecraft:blue_bed":4,"minecraft:dirt":32,"minecraft:bone":1,"minecraft:apple":2,"minecraft:wheat_seeds":5,"minecraft:raw_gold":9,"minecraft:oak_planks":7,"minecraft:pumpkin":17,"minecraft:dandelion":1,"minecraft:gravel":9,"minecraft:spruce_sapling":1,"minecraft:white_bed":3,"minecraft:spruce_log":21,"minecraft:diamond":10,"minecraft:spruce_boat":1,"minecraft:granite":14,"minecraft:oak_sapling":44,"minecraft:coal":45},"minecraft:dropped":{"minecraft:carrot":21,"minecraft:stone_pickaxe":1,"minecraft:wooden_pickaxe":3},"minecraft:killed":{"minecraft:witch":1,"minecraft:skeleton":1,"minecraft:sheep":3,"minecraft:zombie":4,"minecraft:player":1,"minecraft:cow":2},"minecraft:broken":{"minecraft:stone_pickaxe":2},"minecraft:crafted":{"minecraft:oak_planks":248,"minecraft:stone_shovel":1,"minecraft:oak_sign":3,"minecraft:oak_trapdoor":6,"minecraft:ladder":144,"minecraft:stone_pickaxe":5,"minecraft:spruce_boat":2,"minecraft:crafting_table":7,"minecraft:spruce_planks":112,"minecraft:wooden_pickaxe":1,"minecraft:birch_planks":4,"minecraft:stone_axe":2,"minecraft:bread":18,"minecraft:air":0,"minecraft:iron_chestplate":1,"minecraft:stick":388,"minecraft:iron_pickaxe":1,"minecraft:iron_ingot":11,"minecraft:white_bed":1,"minecraft:torch":56},"minecraft:killed_by":{"minecraft:player":2,"minecraft:creeper":2,"minecraft:cave_spider":1,"minecraft:skeleton":2,"minecraft:zombie":1}},"DataVersion":3953}