{"stats":{"minecraft:picked_up":{"minecraft:iron_chestplate":1,"minecraft:wheat":1,"minecraft:chainmail_boots":4,"minecraft:flower_pot":1,"minecraft:suspicious_stew":3,"minecraft:string":9808,"minecraft:raw_copper":28,"minecraft:gold_nugget":46,"minecraft:cobbled_deepslate":1287,"minecraft:spruce_planks":4,"minecraft:redstone_torch":4,"minecraft:furnace":3,"minecraft:golden_helmet":1,"minecraft:stick":54,"minecraft:oak_fence":1,"minecraft:torch":65,"minecraft:pointed_dripstone":1,"minecraft:diorite":17,"minecraft:rotten_flesh":68,"minecraft:cobblestone":422,"minecraft:birch_log":1,"minecraft:andesite":6,"minecraft:golden_leggings":1,"minecraft:potato":5,"minecraft:flint":41,"minecraft:tuff":181,"minecraft:stripped_spruce_wood":7,"minecraft:lapis_lazuli":173,"minecraft:dirt":3016,"minecraft:bone":31,"minecraft:wheat_seeds":20,"minecraft:raw_gold":153,"minecraft:powered_rail":3,"minecraft:oak_planks":99,"minecraft:barrel":5,"minecraft:diamond":163,"minecraft:spruce_boat":1,"minecraft:granite":28,"minecraft:emerald":1,"minecraft:chainmail_helmet":1,"minecraft:oak_sapling":162,"minecraft:netherrack":5,"minecraft:crafting_table":4,"minecraft:ladder":2,"minecraft:leather_leggings":2,"minecraft:chest_minecart":1,"minecraft:wooden_pickaxe":2,"minecraft:cornflower":2,"minecraft:oak_trapdoor":4,"minecraft:red_bed":1,"minecraft:blackstone":5,"minecraft:detector_rail":1,"minecraft:beef":3,"minecraft:oak_boat":5,"minecraft:spruce_slab":2,"minecraft:minecart":8,"minecraft:sugar_cane":13,"minecraft:chest":2,"minecraft:spruce_trapdoor":1,"minecraft:egg":44,"minecraft:raw_iron":223,"minecraft:carrot":36,"minecraft:redstone":1043,"minecraft:stone_shovel":1,"minecraft:arrow":21,"minecraft:peony":14,"minecraft:mutton":5,"minecraft:white_wool":3,"minecraft:rail":289,"minecraft:oxeye_daisy":2,"minecraft:basalt":6,"minecraft:golden_carrot":1,"minecraft:tripwire_hook":2,"minecraft:leather":1,"minecraft:red_mushroom":4,"minecraft:oak_log":195,"minecraft:gunpowder":17,"minecraft:blue_bed":4,"minecraft:white_banner":1,"minecraft:apple":11,"minecraft:kelp":209,"minecraft:stone_pickaxe":5,"minecraft:oak_slab":2,"minecraft:pumpkin":17,"minecraft:quartz":7,"minecraft:dandelion":24,"minecraft:raw_iron_block":3,"minecraft:gravel":28,"minecraft:spruce_sapling":1,"minecraft:blast_furnace":1,"minecraft:white_bed":12,"minecraft:spruce_log":69,"minecraft:spider_eye":4,"minecraft:purple_bed":5,"minecraft:slime_ball":15,"minecraft:stone_axe":1,"minecraft:oak_button":2,"minecraft:coal":64,"minecraft:ender_pearl":1},"minecraft:dropped":{"minecraft:rail":52,"minecraft:flint":40,"minecraft:emerald":3,"minecraft:dirt":12,"minecraft:bone_meal":9,"minecraft:bone":20,"minecraft:gravel":9,"minecraft:stone_axe":5,"minecraft:blackstone":5,"minecraft:cobbled_deepslate":229,"minecraft:rotten_flesh":33,"universal_graves:grave_compass":1,"minecraft:oak_planks":6,"minecraft:white_bed":3,"minecraft:carrot":23,"minecraft:gunpowder":4,"minecraft:chainmail_boots":16,"minecraft:leather_leggings":2,"minecraft:spruce_slab":2,"minecraft:basalt":6,"minecraft:arrow":11,"minecraft:netherrack":5,"minecraft:egg":20,"minecraft:bread":295,"minecraft:oak_slab":7,"minecraft:wheat_seeds":4,"minecraft:golden_helmet":1,"minecraft:iron_helmet":1,"minecraft:cobblestone":103,"minecraft:apple":4,"minecraft:granite":9,"minecraft:chainmail_helmet":15,"minecraft:golden_carrot":1,"minecraft:iron_leggings":7,"minecraft:string":27,"minecraft:tripwire_hook":2,"minecraft:dandelion":1,"minecraft:furnace":1,"minecraft:kelp":6,"minecraft:oak_trapdoor":6,"minecraft:raw_copper":18,"minecraft:tuff":74,"minecraft:stone_shovel":3,"minecraft:iron_boots":1,"minecraft:suspicious_stew":13,"minecraft:potato":2,"minecraft:oak_button":2,"minecraft:spruce_trapdoor":1,"minecraft:spruce_planks":1,"minecraft:iron_chestplate":4,"minecraft:andesite":6,"minecraft:oak_sapling":147,"minecraft:oak_boat":1,"minecraft:stone_pickaxe":11,"minecraft:wooden_pickaxe":4},"minecraft:used":{"minecraft:dispenser":2,"minecraft:ladder":102,"minecraft:oak_sign":12,"minecraft:chest":7,"minecraft:shield":61,"minecraft:rotten_flesh":33,"minecraft:carrot":13,"minecraft:tuff":45,"minecraft:spruce_boat":3,"minecraft:glass":30,"minecraft:lava_bucket":8,"minecraft:furnace":3,"minecraft:oak_sapling":4,"minecraft:egg":26,"minecraft:potato":1,"minecraft:diorite":2,"minecraft:powered_rail":3,"minecraft:stone_pickaxe":557,"minecraft:oak_planks":168,"minecraft:wooden_pickaxe":29,"minecraft:blue_bed":3,"minecraft:diamond_axe":493,"minecraft:golden_apple":1,"minecraft:glow_berries":4,"minecraft:blast_furnace":1,"minecraft:shears":1,"minecraft:redstone_torch":4,"minecraft:bread":112,"minecraft:string":5,"minecraft:oak_pressure_plate":2,"minecraft:gravel":2,"minecraft:oak_boat":6,"minecraft:oak_trapdoor":8,"minecraft:oak_fence":1,"minecraft:stone_shovel":7,"minecraft:spruce_planks":9,"minecraft:stone_hoe":9,"minecraft:torch":190,"minecraft:dirt":658,"minecraft:hopper":1,"minecraft:barrel":8,"minecraft:tripwire_hook":4,"minecraft:golden_carrot":58,"minecraft:minecart":2,"minecraft:cobbled_deepslate":228,"minecraft:pumpkin":2,"minecraft:pointed_dripstone":1,"minecraft:water_bucket":69,"minecraft:rail":65,"minecraft:oak_slab":4,"minecraft:crafting_table":17,"minecraft:red_bed":1,"minecraft:white_bed":4,"minecraft:oak_log":5,"minecraft:flower_pot":1,"minecraft:diamond_pickaxe":2640,"minecraft:apple":2,"minecraft:diamond_shovel":2176,"minecraft:oak_button":10,"minecraft:iron_pickaxe":390,"minecraft:spruce_trapdoor":2,"minecraft:spruce_sapling":1,"minecraft:stone_axe":122,"minecraft:cobblestone":73,"minecraft:purple_bed":2,"minecraft:white_banner":1,"minecraft:bucket":80,"minecraft:pumpkin_pie":8,"minecraft:kelp":25,"minecraft:dandelion":5},"minecraft:mined":{"minecraft:spruce_planks":6,"minecraft:white_bed":7,"minecraft:oak_sapling":16,"minecraft:granite":28,"minecraft:grass_block":904,"minecraft:spawner":1,"minecraft:tall_seagrass":5,"minecraft:raw_iron_block":3,"minecraft:cobbled_deepslate":16,"minecraft:iron_ore":44,"minecraft:fire":1,"minecraft:barrel":5,"minecraft:pumpkin":17,"minecraft:deepslate_lapis_ore":29,"minecraft:potted_dandelion":1,"minecraft:pointed_dripstone":1,"minecraft:dirt_path":13,"minecraft:white_banner":1,"minecraft:spruce_slab":1,"minecraft:tripwire":1,"minecraft:deepslate_redstone_ore":214,"minecraft:red_bed":1,"minecraft:blackstone":5,"minecraft:kelp_plant":38,"minecraft:torch":34,"minecraft:blast_furnace":1,"minecraft:chest":3,"minecraft:glass":116,"minecraft:nether_quartz_ore":8,"minecraft:cobblestone":28,"minecraft:sugar_cane":3,"minecraft:oak_planks":85,"minecraft:wall_torch":25,"minecraft:amethyst_block":1,"minecraft:deepslate_copper_ore":2,"minecraft:seagrass":3,"minecraft:powered_rail":4,"minecraft:birch_log":1,"minecraft:wheat":1,"minecraft:oak_log":10,"minecraft:dirt":903,"minecraft:smooth_basalt":2,"minecraft:netherrack":5,"minecraft:oak_leaves":38,"minecraft:deepslate":1695,"minecraft:nether_gold_ore":11,"minecraft:diamond_ore":2,"minecraft:tuff":234,"minecraft:deepslate_diamond_ore":118,"minecraft:spruce_leaves":1,"minecraft:red_mushroom":4,"minecraft:kelp":4,"minecraft:large_fern":1,"minecraft:redstone_ore":14,"minecraft:oak_trapdoor":3,"minecraft:furnace":3,"minecraft:peony":15,"minecraft:potatoes":2,"minecraft:deepslate_iron_ore":177,"minecraft:rail":272,"minecraft:stone":414,"minecraft:redstone_wall_torch":1,"minecraft:oak_slab":1,"minecraft:basalt":6,"minecraft:dandelion":5,"minecraft:crafting_table":5,"minecraft:short_grass":60,"minecraft:copper_ore":3,"minecraft:deepslate_coal_ore":2,"minecraft:deepslate_gold_ore":98,"minecraft:diorite":18,"minecraft:blue_bed":4,"minecraft:purple_bed":4,"minecraft:stripped_spruce_wood":7,"minecraft:redstone_torch":1,"minecraft:ice":1,"minecraft:spruce_log":22,"minecraft:coal_ore":65,"minecraft:gravel":68,"minecraft:oak_button":1,"minecraft:gold_ore":4},"minecraft:broken":{"minecraft:golden_leggings":1,"minecraft:stone_pickaxe":2,"minecraft:diamond_pickaxe":1,"minecraft:shield":1,"minecraft:iron_pickaxe":1},"minecraft:custom":{"minecraft:interact_with_crafting_table":82,"minecraft:open_barrel":67,"minecraft:leave_game":12,"minecraft:time_since_death":248191,"minecraft:sprint_one_cm":2100697,"minecraft:damage_blocked_by_shield":4125,"minecraft:drop":380,"minecraft:talked_to_villager":243,"minecraft:play_time":819840,"minecraft:deaths":29,"minecraft:jump":8384,"minecraft:walk_on_water_one_cm":78504,"minecraft:enchant_item":7,"minecraft:interact_with_furnace":45,"minecraft:traded_with_villager":693,"minecraft:sleep_in_bed":49,"minecraft:open_enderchest":1,"minecraft:damage_dealt":28075,"minecraft:player_kills":1,"minecraft:crouch_one_cm":81219,"minecraft:interact_with_smoker":1,"minecraft:inspect_dispenser":17,"minecraft:mob_kills":158,"minecraft:interact_with_anvil":2,"minecraft:inspect_hopper":1,"minecraft:climb_one_cm":143209,"minecraft:walk_one_cm":1746072,"minecraft:sneak_time":22952,"minecraft:walk_under_water_one_cm":86520,"minecraft:boat_one_cm":64417,"minecraft:interact_with_blast_furnace":27,"minecraft:total_world_time":819840,"minecraft:tune_noteblock":54,"minecraft:interact_with_grindstone":4,"minecraft:time_since_rest":48694,"minecraft:damage_taken":18224,"minecraft:damage_absorbed":40,"minecraft:swim_one_cm":243511,"minecraft:fly_one_cm":1307727,"minecraft:open_chest":263,"minecraft:fall_one_cm":242372},"minecraft:crafted":{"minecraft:oak_planks":760,"minecraft:chainmail_helmet":15,"minecraft:barrel":3,"minecraft:oak_sign":12,"minecraft:oak_pressure_plate":2,"minecraft:diamond_shovel":1,"minecraft:suspicious_stew":10,"minecraft:hopper":1,"minecraft:diamond_helmet":1,"minecraft:diamond_leggings":1,"minecraft:bow":2,"minecraft:iron_boots":1,"minecraft:chest":5,"minecraft:oak_button":10,"minecraft:stone_hoe":1,"minecraft:oak_slab":12,"minecraft:emerald":447,"minecraft:diamond_axe":1,"minecraft:crafting_table":12,"minecraft:spruce_planks":112,"minecraft:wooden_pickaxe":2,"minecraft:iron_helmet":1,"minecraft:birch_planks":4,"minecraft:dispenser":2,"minecraft:apple":64,"minecraft:iron_chestplate":6,"minecraft:diamond_pickaxe":3,"minecraft:shield":3,"minecraft:stick":388,"minecraft:iron_pickaxe":2,"minecraft:iron_ingot":241,"minecraft:compass":1,"minecraft:iron_block":15,"minecraft:shears":1,"minecraft:golden_carrot":102,"minecraft:cookie":36,"minecraft:raw_iron":27,"minecraft:stone_shovel":2,"minecraft:tripwire_hook":4,"minecraft:furnace":1,"minecraft:bone_meal":9,"minecraft:diamond_block":15,"minecraft:oak_trapdoor":10,"minecraft:ladder":144,"minecraft:stone_pickaxe":9,"minecraft:diamond_boots":1,"minecraft:spruce_boat":2,"minecraft:redstone_block":97,"minecraft:minecart":2,"minecraft:diamond_sword":1,"minecraft:bucket":3,"minecraft:stone_axe":5,"minecraft:bread":786,"minecraft:air":0,"minecraft:oak_boat":33,"minecraft:chainmail_boots":12,"minecraft:iron_leggings":7,"minecraft:white_bed":1,"minecraft:pumpkin_pie":48,"minecraft:torch":136,"minecraft:lapis_block":21,"minecraft:diamond_chestplate":1},"minecraft:killed_by":{"minecraft:creeper":3,"minecraft:cave_spider":1,"minecraft:zombie":8,"minecraft:player":3,"minecraft:enderman":1,"minecraft:skeleton":8},"minecraft:killed":{"minecraft:witch":2,"minecraft:spider":7,"minecraft:skeleton":24,"minecraft:creeper":13,"minecraft:sheep":3,"minecraft:zombie":83,"minecraft:cow":2,"minecraft:slime":16,"minecraft:player":1,"minecraft:enderman":1}},"DataVersion":3953}