{"stats":{"minecraft:picked_up":{"minecraft:suspicious_stew":3,"minecraft:iron_chestplate":1,"minecraft:crafting_table":3,"minecraft:wheat":1,"minecraft:ladder":2,"minecraft:flower_pot":1,"minecraft:chest_minecart":1,"minecraft:leather_leggings":2,"minecraft:wooden_pickaxe":2,"minecraft:red_bed":1,"minecraft:string":4450,"minecraft:oak_trapdoor":4,"minecraft:raw_copper":28,"minecraft:blackstone":5,"minecraft:cobbled_deepslate":700,"minecraft:gold_nugget":46,"minecraft:detector_rail":1,"minecraft:spruce_planks":3,"minecraft:beef":3,"minecraft:oak_boat":3,"minecraft:redstone_torch":4,"minecraft:spruce_slab":2,"minecraft:minecart":5,"minecraft:sugar_cane":13,"minecraft:chest":2,"minecraft:spruce_trapdoor":1,"minecraft:furnace":2,"minecraft:egg":28,"minecraft:golden_helmet":1,"minecraft:stick":40,"minecraft:raw_iron":196,"minecraft:torch":45,"minecraft:pointed_dripstone":1,"minecraft:diorite":15,"minecraft:carrot":35,"minecraft:redstone":453,"minecraft:arrow":7,"minecraft:rotten_flesh":59,"minecraft:peony":14,"minecraft:mutton":5,"minecraft:rail":90,"minecraft:white_wool":3,"minecraft:cobblestone":378,"minecraft:birch_log":1,"minecraft:basalt":6,"minecraft:tripwire_hook":2,"minecraft:andesite":6,"minecraft:leather":1,"minecraft:golden_leggings":1,"minecraft:red_mushroom":4,"minecraft:potato":5,"minecraft:flint":1,"minecraft:tuff":80,"minecraft:stripped_spruce_wood":7,"minecraft:oak_log":117,"minecraft:gunpowder":5,"minecraft:lapis_lazuli":118,"minecraft:dirt":1304,"minecraft:blue_bed":4,"minecraft:white_banner":1,"minecraft:bone":11,"minecraft:apple":7,"minecraft:kelp":209,"minecraft:wheat_seeds":5,"minecraft:raw_gold":47,"minecraft:powered_rail":3,"minecraft:oak_planks":33,"minecraft:oak_slab":1,"minecraft:pumpkin":17,"minecraft:quartz":7,"minecraft:dandelion":1,"minecraft:raw_iron_block":3,"minecraft:gravel":20,"minecraft:spruce_sapling":1,"minecraft:white_bed":11,"minecraft:spruce_log":21,"minecraft:barrel":5,"minecraft:purple_bed":4,"minecraft:spruce_boat":1,"minecraft:diamond":56,"minecraft:stone_axe":1,"minecraft:granite":28,"minecraft:chainmail_helmet":1,"minecraft:emerald":1,"minecraft:oak_sapling":79,"minecraft:netherrack":5,"minecraft:coal":64,"minecraft:ender_pearl":1},"minecraft:dropped":{"minecraft:bread":295,"minecraft:oak_slab":1,"minecraft:golden_helmet":1,"minecraft:cobblestone":74,"minecraft:granite":9,"minecraft:rail":52,"minecraft:emerald":2,"minecraft:bone_meal":9,"minecraft:string":18,"minecraft:tripwire_hook":2,"minecraft:bone":7,"minecraft:gravel":1,"minecraft:stone_axe":5,"minecraft:kelp":6,"minecraft:blackstone":5,"minecraft:oak_trapdoor":5,"minecraft:cobbled_deepslate":52,"minecraft:raw_copper":18,"minecraft:tuff":1,"minecraft:stone_shovel":1,"minecraft:rotten_flesh":24,"universal_graves:grave_compass":1,"minecraft:oak_planks":2,"minecraft:white_bed":3,"minecraft:suspicious_stew":13,"minecraft:carrot":22,"minecraft:potato":2,"minecraft:oak_button":1,"minecraft:spruce_trapdoor":1,"minecraft:spruce_planks":1,"minecraft:andesite":6,"minecraft:oak_boat":1,"minecraft:oak_sapling":75,"minecraft:leather_leggings":2,"minecraft:spruce_slab":2,"minecraft:basalt":6,"minecraft:arrow":4,"minecraft:stone_pickaxe":4,"minecraft:wooden_pickaxe":3,"minecraft:netherrack":5,"minecraft:egg":11},"minecraft:used":{"minecraft:oak_trapdoor":7,"minecraft:stone_shovel":6,"minecraft:dispenser":2,"minecraft:ladder":102,"minecraft:oak_sign":3,"minecraft:chest":5,"minecraft:spruce_planks":8,"minecraft:shield":43,"minecraft:stone_hoe":9,"minecraft:rotten_flesh":33,"minecraft:torch":155,"minecraft:dirt":33,"minecraft:carrot":13,"minecraft:tuff":26,"minecraft:spruce_boat":3,"minecraft:glass":30,"minecraft:lava_bucket":7,"minecraft:barrel":5,"minecraft:tripwire_hook":4,"minecraft:golden_carrot":5,"minecraft:oak_sapling":4,"minecraft:furnace":3,"minecraft:minecart":2,"minecraft:egg":16,"minecraft:potato":1,"minecraft:pointed_dripstone":1,"minecraft:cobbled_deepslate":152,"minecraft:pumpkin":2,"minecraft:water_bucket":46,"minecraft:stone_pickaxe":443,"minecraft:powered_rail":3,"minecraft:oak_planks":38,"minecraft:wooden_pickaxe":29,"minecraft:blue_bed":3,"minecraft:diamond_axe":204,"minecraft:glow_berries":4,"minecraft:rail":8,"minecraft:crafting_table":13,"minecraft:white_bed":2,"minecraft:shears":1,"minecraft:oak_log":4,"minecraft:redstone_torch":4,"minecraft:flower_pot":1,"minecraft:diamond_pickaxe":1165,"minecraft:apple":2,"minecraft:iron_pickaxe":390,"minecraft:string":5,"minecraft:oak_button":1,"minecraft:bread":112,"minecraft:spruce_trapdoor":2,"minecraft:gravel":2,"minecraft:spruce_sapling":1,"minecraft:stone_axe":122,"minecraft:cobblestone":59,"minecraft:white_banner":1,"minecraft:bucket":56,"minecraft:pumpkin_pie":1,"minecraft:dandelion":1,"minecraft:oak_boat":3,"minecraft:kelp":25},"minecraft:mined":{"minecraft:nether_gold_ore":11,"minecraft:white_bed":7,"minecraft:tuff":79,"minecraft:spruce_planks":5,"minecraft:oak_sapling":10,"minecraft:deepslate_diamond_ore":56,"minecraft:granite":28,"minecraft:grass_block":8,"minecraft:spruce_leaves":1,"minecraft:kelp":4,"minecraft:red_mushroom":4,"minecraft:spawner":1,"minecraft:large_fern":1,"minecraft:tall_seagrass":5,"minecraft:raw_iron_block":3,"minecraft:redstone_ore":14,"minecraft:oak_trapdoor":3,"minecraft:furnace":2,"minecraft:iron_ore":44,"minecraft:barrel":5,"minecraft:fire":1,"minecraft:cobbled_deepslate":9,"minecraft:pumpkin":17,"minecraft:deepslate_lapis_ore":20,"minecraft:peony":15,"minecraft:potatoes":2,"minecraft:pointed_dripstone":1,"minecraft:potted_dandelion":1,"minecraft:deepslate_iron_ore":153,"minecraft:dirt_path":1,"minecraft:rail":92,"minecraft:stone":359,"minecraft:white_banner":1,"minecraft:redstone_wall_torch":1,"minecraft:spruce_slab":1,"minecraft:tripwire":1,"minecraft:deepslate_redstone_ore":92,"minecraft:oak_slab":1,"minecraft:red_bed":1,"minecraft:blackstone":5,"minecraft:kelp_plant":38,"minecraft:basalt":6,"minecraft:dandelion":1,"minecraft:crafting_table":3,"minecraft:torch":23,"minecraft:short_grass":4,"minecraft:chest":3,"minecraft:nether_quartz_ore":8,"minecraft:copper_ore":3,"minecraft:glass":116,"minecraft:deepslate_coal_ore":2,"minecraft:cobblestone":28,"minecraft:deepslate_gold_ore":47,"minecraft:oak_planks":18,"minecraft:sugar_cane":3,"minecraft:diorite":15,"minecraft:blue_bed":4,"minecraft:wall_torch":19,"minecraft:deepslate_copper_ore":2,"minecraft:seagrass":3,"minecraft:purple_bed":4,"minecraft:powered_rail":4,"minecraft:stripped_spruce_wood":7,"minecraft:birch_log":1,"minecraft:redstone_torch":1,"minecraft:wheat":1,"minecraft:spruce_log":22,"minecraft:oak_log":9,"minecraft:coal_ore":64,"minecraft:gravel":20,"minecraft:dirt":22,"minecraft:netherrack":5,"minecraft:oak_leaves":29,"minecraft:deepslate":803},"minecraft:broken":{"minecraft:golden_leggings":1,"minecraft:stone_pickaxe":2,"minecraft:shield":1,"minecraft:iron_pickaxe":1},"minecraft:custom":{"minecraft:interact_with_anvil":1,"minecraft:mob_kills":84,"minecraft:interact_with_crafting_table":55,"minecraft:open_barrel":55,"minecraft:leave_game":12,"minecraft:time_since_death":2191,"minecraft:climb_one_cm":133461,"minecraft:sprint_one_cm":1228895,"minecraft:walk_one_cm":1162134,"minecraft:damage_blocked_by_shield":2922,"minecraft:drop":270,"minecraft:talked_to_villager":115,"minecraft:play_time":573840,"minecraft:sneak_time":16456,"minecraft:deaths":29,"minecraft:walk_under_water_one_cm":58746,"minecraft:boat_one_cm":63911,"minecraft:jump":5692,"minecraft:interact_with_blast_furnace":20,"minecraft:walk_on_water_one_cm":57764,"minecraft:enchant_item":4,"minecraft:total_world_time":573840,"minecraft:interact_with_furnace":45,"minecraft:traded_with_villager":406,"minecraft:interact_with_grindstone":2,"minecraft:sleep_in_bed":37,"minecraft:time_since_rest":1000,"minecraft:open_enderchest":1,"minecraft:damage_taken":14371,"minecraft:damage_dealt":16477,"minecraft:player_kills":1,"minecraft:swim_one_cm":106918,"minecraft:fly_one_cm":819016,"minecraft:open_chest":164,"minecraft:crouch_one_cm":56645,"minecraft:interact_with_smoker":1,"minecraft:fall_one_cm":189135,"minecraft:inspect_dispenser":8},"minecraft:crafted":{"minecraft:golden_carrot":48,"minecraft:cookie":36,"minecraft:oak_planks":272,"minecraft:raw_iron":27,"minecraft:stone_shovel":1,"minecraft:oak_sign":3,"minecraft:tripwire_hook":4,"minecraft:furnace":1,"minecraft:bone_meal":9,"minecraft:suspicious_stew":10,"minecraft:oak_trapdoor":8,"minecraft:bow":2,"minecraft:iron_boots":1,"minecraft:ladder":144,"minecraft:stone_pickaxe":7,"minecraft:chest":2,"minecraft:oak_button":2,"minecraft:spruce_boat":2,"minecraft:redstone_block":17,"minecraft:stone_hoe":1,"minecraft:emerald":219,"minecraft:diamond_axe":1,"minecraft:crafting_table":10,"minecraft:spruce_planks":112,"minecraft:iron_helmet":1,"minecraft:wooden_pickaxe":1,"minecraft:bucket":2,"minecraft:birch_planks":4,"minecraft:stone_axe":5,"minecraft:bread":786,"minecraft:air":0,"minecraft:apple":64,"minecraft:dispenser":2,"minecraft:oak_boat":1,"minecraft:iron_chestplate":2,"minecraft:diamond_pickaxe":2,"minecraft:shield":3,"minecraft:stick":388,"minecraft:iron_ingot":200,"minecraft:compass":1,"minecraft:iron_pickaxe":2,"minecraft:iron_block":15,"minecraft:iron_leggings":1,"minecraft:white_bed":1,"minecraft:pumpkin_pie":48,"minecraft:torch":136,"minecraft:lapis_block":14,"minecraft:shears":1},"minecraft:killed":{"minecraft:witch":1,"minecraft:spider":1,"minecraft:skeleton":9,"minecraft:creeper":3,"minecraft:sheep":3,"minecraft:zombie":62,"minecraft:player":1,"minecraft:enderman":1,"minecraft:cow":2},"minecraft:killed_by":{"minecraft:player":3,"minecraft:creeper":3,"minecraft:enderman":1,"minecraft:cave_spider":1,"minecraft:skeleton":8,"minecraft:zombie":8}},"DataVersion":3953}