{"stats":{"minecraft:custom":{"minecraft:interact_with_furnace":8,"minecraft:mob_kills":11,"minecraft:traded_with_villager":3,"minecraft:interact_with_crafting_table":14,"minecraft:open_barrel":5,"minecraft:leave_game":11,"minecraft:time_since_death":19616,"minecraft:sleep_in_bed":19,"minecraft:time_since_rest":3923,"minecraft:sprint_one_cm":262726,"minecraft:damage_taken":3598,"minecraft:walk_one_cm":285439,"minecraft:drop":25,"minecraft:damage_dealt":2340,"minecraft:player_kills":1,"minecraft:swim_one_cm":4615,"minecraft:talked_to_villager":13,"minecraft:fly_one_cm":370662,"minecraft:open_chest":30,"minecraft:play_time":169990,"minecraft:crouch_one_cm":10458,"minecraft:sneak_time":3078,"minecraft:deaths":8,"minecraft:walk_under_water_one_cm":7960,"minecraft:boat_one_cm":59535,"minecraft:jump":1995,"minecraft:interact_with_blast_furnace":1,"minecraft:walk_on_water_one_cm":14512,"minecraft:total_world_time":169990,"minecraft:interact_with_smoker":1,"minecraft:fall_one_cm":64612},"minecraft:mined":{"minecraft:spruce_planks":4,"minecraft:oak_sapling":1,"minecraft:white_bed":3,"minecraft:deepslate_diamond_ore":10,"minecraft:dandelion":1,"minecraft:crafting_table":2,"minecraft:torch":4,"minecraft:granite":5,"minecraft:short_grass":2,"minecraft:grass_block":3,"minecraft:chest":1,"minecraft:glass":9,"minecraft:cobblestone":9,"minecraft:spruce_leaves":1,"minecraft:deepslate_gold_ore":9,"minecraft:red_mushroom":4,"minecraft:oak_planks":7,"minecraft:sugar_cane":3,"minecraft:diorite":11,"minecraft:wall_torch":1,"minecraft:blue_bed":4,"minecraft:spawner":1,"minecraft:large_fern":1,"minecraft:redstone_ore":9,"minecraft:oak_trapdoor":3,"minecraft:furnace":2,"minecraft:stripped_spruce_wood":7,"minecraft:birch_log":1,"minecraft:iron_ore":21,"minecraft:wheat":1,"minecraft:spruce_log":22,"minecraft:pumpkin":17,"minecraft:peony":15,"minecraft:potatoes":2,"minecraft:potted_dandelion":1,"minecraft:oak_log":6,"minecraft:pointed_dripstone":1,"minecraft:coal_ore":27,"minecraft:dirt_path":1,"minecraft:deepslate_iron_ore":12,"minecraft:rail":33,"minecraft:gravel":8,"minecraft:dirt":15,"minecraft:stone":157,"minecraft:oak_leaves":4,"minecraft:deepslate":14},"minecraft:used":{"minecraft:oak_trapdoor":6,"minecraft:stone_pickaxe":171,"minecraft:oak_planks":2,"minecraft:spruce_planks":8,"minecraft:wooden_pickaxe":29,"minecraft:blue_bed":3,"minecraft:rotten_flesh":12,"minecraft:torch":45,"minecraft:glow_berries":4,"minecraft:dirt":19,"minecraft:crafting_table":8,"minecraft:white_bed":1,"minecraft:oak_log":2,"minecraft:spruce_boat":3,"minecraft:glass":11,"minecraft:bread":25,"minecraft:iron_pickaxe":149,"minecraft:spruce_trapdoor":2,"minecraft:spruce_sapling":1,"minecraft:gravel":1,"minecraft:cobblestone":25,"minecraft:stone_axe":64,"minecraft:oak_sapling":1,"minecraft:furnace":2,"minecraft:dandelion":1,"minecraft:pumpkin":2,"minecraft:pointed_dripstone":1},"minecraft:picked_up":{"minecraft:birch_log":1,"minecraft:crafting_table":2,"minecraft:wheat":1,"minecraft:chest_minecart":1,"minecraft:leather":1,"minecraft:wooden_pickaxe":2,"minecraft:red_mushroom":4,"minecraft:potato":2,"minecraft:flint":1,"minecraft:stripped_spruce_wood":7,"minecraft:oak_log":21,"minecraft:gunpowder":1,"minecraft:oak_trapdoor":3,"minecraft:dirt":25,"minecraft:blue_bed":4,"minecraft:bone":1,"minecraft:apple":2,"minecraft:wheat_seeds":5,"minecraft:cobbled_deepslate":13,"minecraft:detector_rail":1,"minecraft:raw_gold":9,"minecraft:spruce_planks":2,"minecraft:beef":3,"minecraft:stick":3,"minecraft:sugar_cane":13,"minecraft:oak_planks":7,"minecraft:furnace":2,"minecraft:egg":3,"minecraft:raw_iron":33,"minecraft:pumpkin":17,"minecraft:torch":5,"minecraft:dandelion":1,"minecraft:gravel":9,"minecraft:spruce_sapling":1,"minecraft:carrot":21,"minecraft:pointed_dripstone":1,"minecraft:diorite":11,"minecraft:white_bed":3,"minecraft:spruce_log":21,"minecraft:redstone":48,"minecraft:arrow":1,"minecraft:rotten_flesh":5,"minecraft:diamond":10,"minecraft:spruce_boat":1,"minecraft:peony":14,"minecraft:granite":5,"minecraft:oak_sapling":5,"minecraft:mutton":5,"minecraft:coal":26,"minecraft:rail":31,"minecraft:white_wool":3,"minecraft:cobblestone":167},"minecraft:dropped":{"minecraft:carrot":21,"minecraft:wooden_pickaxe":3,"minecraft:stone_pickaxe":1},"minecraft:killed":{"minecraft:witch":1,"minecraft:sheep":3,"minecraft:skeleton":1,"minecraft:zombie":4,"minecraft:player":1,"minecraft:cow":2},"minecraft:crafted":{"minecraft:oak_planks":76,"minecraft:crafting_table":6,"minecraft:spruce_planks":112,"minecraft:wooden_pickaxe":1,"minecraft:birch_planks":4,"minecraft:stone_axe":2,"minecraft:bread":18,"minecraft:air":0,"minecraft:oak_trapdoor":6,"minecraft:iron_chestplate":1,"minecraft:stick":28,"minecraft:iron_ingot":11,"minecraft:iron_pickaxe":1,"minecraft:stone_pickaxe":2,"minecraft:white_bed":1,"minecraft:spruce_boat":2,"minecraft:torch":56},"minecraft:broken":{"minecraft:stone_pickaxe":1},"minecraft:killed_by":{"minecraft:player":2,"minecraft:cave_spider":1,"minecraft:skeleton":1,"minecraft:creeper":2,"minecraft:zombie":1}},"DataVersion":3953}