{"stats":{"minecraft:custom":{"minecraft:mob_kills":32,"minecraft:interact_with_crafting_table":41,"minecraft:open_barrel":23,"minecraft:leave_game":11,"minecraft:time_since_death":30302,"minecraft:climb_one_cm":54798,"minecraft:sprint_one_cm":718665,"minecraft:walk_one_cm":677990,"minecraft:drop":185,"minecraft:talked_to_villager":46,"minecraft:play_time":343990,"minecraft:deaths":24,"minecraft:sneak_time":8163,"minecraft:walk_under_water_one_cm":12605,"minecraft:boat_one_cm":63911,"minecraft:jump":3678,"minecraft:interact_with_blast_furnace":8,"minecraft:walk_on_water_one_cm":24057,"minecraft:total_world_time":343990,"minecraft:interact_with_furnace":44,"minecraft:traded_with_villager":142,"minecraft:sleep_in_bed":31,"minecraft:time_since_rest":30332,"minecraft:damage_taken":9658,"minecraft:damage_dealt":6067,"minecraft:swim_one_cm":17386,"minecraft:fly_one_cm":567537,"minecraft:player_kills":1,"minecraft:open_chest":117,"minecraft:crouch_one_cm":24204,"minecraft:interact_with_smoker":1,"minecraft:fall_one_cm":124674,"minecraft:inspect_dispenser":2},"minecraft:used":{"minecraft:oak_trapdoor":6,"minecraft:dispenser":2,"minecraft:stone_shovel":6,"minecraft:ladder":94,"minecraft:oak_sign":3,"minecraft:chest":4,"minecraft:spruce_planks":8,"minecraft:rotten_flesh":33,"minecraft:torch":140,"minecraft:dirt":32,"minecraft:carrot":4,"minecraft:tuff":26,"minecraft:spruce_boat":3,"minecraft:glass":30,"minecraft:lava_bucket":7,"minecraft:barrel":5,"minecraft:tripwire_hook":4,"minecraft:furnace":3,"minecraft:oak_sapling":4,"minecraft:egg":11,"minecraft:cobbled_deepslate":126,"minecraft:pumpkin":2,"minecraft:pointed_dripstone":1,"minecraft:water_bucket":9,"minecraft:stone_pickaxe":443,"minecraft:oak_planks":31,"minecraft:wooden_pickaxe":29,"minecraft:blue_bed":3,"minecraft:glow_berries":4,"minecraft:crafting_table":11,"minecraft:white_bed":2,"minecraft:shears":1,"minecraft:oak_log":2,"minecraft:flower_pot":1,"minecraft:diamond_pickaxe":199,"minecraft:apple":2,"minecraft:oak_button":1,"minecraft:bread":48,"minecraft:string":4,"minecraft:iron_pickaxe":390,"minecraft:spruce_trapdoor":2,"minecraft:spruce_sapling":1,"minecraft:gravel":2,"minecraft:stone_axe":122,"minecraft:cobblestone":57,"minecraft:white_banner":1,"minecraft:bucket":18,"minecraft:oak_boat":3,"minecraft:dandelion":1},"minecraft:mined":{"minecraft:nether_gold_ore":11,"minecraft:tuff":23,"minecraft:spruce_planks":4,"minecraft:white_bed":4,"minecraft:oak_sapling":3,"minecraft:deepslate_diamond_ore":20,"minecraft:granite":28,"minecraft:grass_block":7,"minecraft:spruce_leaves":1,"minecraft:red_mushroom":4,"minecraft:spawner":1,"minecraft:large_fern":1,"minecraft:redstone_ore":11,"minecraft:oak_trapdoor":3,"minecraft:furnace":2,"minecraft:iron_ore":39,"minecraft:barrel":5,"minecraft:cobbled_deepslate":4,"minecraft:pumpkin":17,"minecraft:deepslate_lapis_ore":5,"minecraft:peony":15,"minecraft:pointed_dripstone":1,"minecraft:potted_dandelion":1,"minecraft:potatoes":2,"minecraft:deepslate_iron_ore":34,"minecraft:dirt_path":1,"minecraft:rail":33,"minecraft:white_banner":1,"minecraft:stone":348,"minecraft:deepslate_redstone_ore":25,"minecraft:blackstone":5,"minecraft:basalt":6,"minecraft:dandelion":1,"minecraft:crafting_table":2,"minecraft:torch":20,"minecraft:short_grass":3,"minecraft:chest":3,"minecraft:nether_quartz_ore":8,"minecraft:glass":18,"minecraft:copper_ore":3,"minecraft:cobblestone":28,"minecraft:deepslate_gold_ore":26,"minecraft:sugar_cane":3,"minecraft:oak_planks":16,"minecraft:diorite":15,"minecraft:blue_bed":4,"minecraft:wall_torch":16,"minecraft:stripped_spruce_wood":7,"minecraft:birch_log":1,"minecraft:wheat":1,"minecraft:spruce_log":22,"minecraft:coal_ore":47,"minecraft:oak_log":6,"minecraft:dirt":22,"minecraft:gravel":14,"minecraft:netherrack":5,"minecraft:oak_leaves":4,"minecraft:deepslate":278},"minecraft:picked_up":{"minecraft:iron_chestplate":1,"minecraft:crafting_table":2,"minecraft:wheat":1,"minecraft:flower_pot":1,"minecraft:chest_minecart":1,"minecraft:wooden_pickaxe":2,"minecraft:string":2046,"minecraft:oak_trapdoor":4,"minecraft:raw_copper":18,"minecraft:blackstone":5,"minecraft:gold_nugget":46,"minecraft:detector_rail":1,"minecraft:cobbled_deepslate":278,"minecraft:spruce_planks":2,"minecraft:beef":3,"minecraft:oak_boat":3,"minecraft:sugar_cane":13,"minecraft:chest":2,"minecraft:spruce_trapdoor":1,"minecraft:egg":18,"minecraft:furnace":2,"minecraft:golden_helmet":1,"minecraft:raw_iron":73,"minecraft:stick":23,"minecraft:torch":36,"minecraft:pointed_dripstone":1,"minecraft:diorite":15,"minecraft:carrot":25,"minecraft:redstone":166,"minecraft:rotten_flesh":22,"minecraft:arrow":2,"minecraft:peony":14,"minecraft:mutton":5,"minecraft:cobblestone":366,"minecraft:white_wool":3,"minecraft:rail":31,"minecraft:birch_log":1,"minecraft:basalt":6,"minecraft:tripwire_hook":2,"minecraft:leather":1,"minecraft:golden_leggings":1,"minecraft:red_mushroom":4,"minecraft:potato":3,"minecraft:flint":1,"minecraft:tuff":26,"minecraft:stripped_spruce_wood":7,"minecraft:oak_log":70,"minecraft:gunpowder":3,"minecraft:lapis_lazuli":34,"minecraft:blue_bed":4,"minecraft:dirt":1303,"minecraft:white_banner":1,"minecraft:bone":3,"minecraft:apple":2,"minecraft:wheat_seeds":5,"minecraft:raw_gold":26,"minecraft:oak_planks":26,"minecraft:pumpkin":17,"minecraft:quartz":7,"minecraft:dandelion":1,"minecraft:gravel":14,"minecraft:spruce_sapling":1,"minecraft:white_bed":4,"minecraft:spruce_log":21,"minecraft:barrel":5,"minecraft:diamond":20,"minecraft:stone_axe":1,"minecraft:spruce_boat":1,"minecraft:granite":28,"minecraft:emerald":1,"minecraft:oak_sapling":44,"minecraft:netherrack":5,"minecraft:coal":45},"minecraft:dropped":{"minecraft:bread":201,"minecraft:golden_helmet":1,"minecraft:granite":9,"minecraft:emerald":1,"minecraft:tripwire_hook":2,"minecraft:bone":2,"minecraft:stone_axe":5,"minecraft:blackstone":5,"minecraft:oak_trapdoor":4,"minecraft:cobbled_deepslate":15,"minecraft:raw_copper":18,"minecraft:stone_shovel":1,"minecraft:rotten_flesh":4,"universal_graves:grave_compass":1,"minecraft:carrot":21,"minecraft:potato":1,"minecraft:spruce_trapdoor":1,"minecraft:oak_boat":1,"minecraft:oak_sapling":40,"minecraft:arrow":1,"minecraft:basalt":6,"minecraft:stone_pickaxe":4,"minecraft:wooden_pickaxe":3,"minecraft:netherrack":5,"minecraft:egg":7},"minecraft:killed":{"minecraft:witch":1,"minecraft:skeleton":2,"minecraft:creeper":2,"minecraft:sheep":3,"minecraft:zombie":20,"minecraft:player":1,"minecraft:cow":2},"minecraft:broken":{"minecraft:golden_leggings":1,"minecraft:stone_pickaxe":2,"minecraft:iron_pickaxe":1},"minecraft:crafted":{"minecraft:oak_planks":272,"minecraft:stone_shovel":1,"minecraft:oak_sign":3,"minecraft:tripwire_hook":4,"minecraft:furnace":1,"minecraft:oak_trapdoor":6,"minecraft:bow":2,"minecraft:iron_boots":1,"minecraft:ladder":144,"minecraft:stone_pickaxe":6,"minecraft:chest":2,"minecraft:oak_button":1,"minecraft:spruce_boat":2,"minecraft:emerald":91,"minecraft:diamond_axe":1,"minecraft:crafting_table":9,"minecraft:spruce_planks":112,"minecraft:iron_helmet":1,"minecraft:wooden_pickaxe":1,"minecraft:bucket":1,"minecraft:birch_planks":4,"minecraft:stone_axe":5,"minecraft:bread":306,"minecraft:air":0,"minecraft:dispenser":2,"minecraft:oak_boat":1,"minecraft:diamond_pickaxe":1,"minecraft:iron_chestplate":2,"minecraft:shield":1,"minecraft:stick":388,"minecraft:compass":1,"minecraft:iron_pickaxe":2,"minecraft:iron_ingot":50,"minecraft:iron_leggings":1,"minecraft:white_bed":1,"minecraft:torch":120,"minecraft:shears":1},"minecraft:killed_by":{"minecraft:player":2,"minecraft:creeper":2,"minecraft:cave_spider":1,"minecraft:skeleton":8,"minecraft:zombie":7}},"DataVersion":3953}