{"stats":{"minecraft:picked_up":{"minecraft:iron_chestplate":1,"minecraft:wheat":1,"minecraft:flower_pot":1,"minecraft:suspicious_stew":3,"minecraft:string":5405,"minecraft:raw_copper":28,"minecraft:gold_nugget":46,"minecraft:cobbled_deepslate":971,"minecraft:spruce_planks":3,"minecraft:redstone_torch":4,"minecraft:furnace":2,"minecraft:golden_helmet":1,"minecraft:stick":50,"minecraft:oak_fence":1,"minecraft:torch":55,"minecraft:pointed_dripstone":1,"minecraft:diorite":15,"minecraft:rotten_flesh":59,"minecraft:cobblestone":409,"minecraft:birch_log":1,"minecraft:andesite":6,"minecraft:golden_leggings":1,"minecraft:potato":5,"minecraft:flint":9,"minecraft:tuff":117,"minecraft:stripped_spruce_wood":7,"minecraft:lapis_lazuli":139,"minecraft:dirt":2894,"minecraft:bone":18,"minecraft:wheat_seeds":20,"minecraft:raw_gold":58,"minecraft:powered_rail":3,"minecraft:oak_planks":37,"minecraft:barrel":5,"minecraft:diamond":87,"minecraft:spruce_boat":1,"minecraft:granite":28,"minecraft:emerald":1,"minecraft:chainmail_helmet":1,"minecraft:oak_sapling":151,"minecraft:netherrack":5,"minecraft:crafting_table":4,"minecraft:ladder":2,"minecraft:leather_leggings":2,"minecraft:chest_minecart":1,"minecraft:wooden_pickaxe":2,"minecraft:cornflower":2,"minecraft:oak_trapdoor":4,"minecraft:red_bed":1,"minecraft:blackstone":5,"minecraft:detector_rail":1,"minecraft:beef":3,"minecraft:oak_boat":3,"minecraft:spruce_slab":2,"minecraft:minecart":5,"minecraft:sugar_cane":13,"minecraft:chest":2,"minecraft:spruce_trapdoor":1,"minecraft:egg":33,"minecraft:raw_iron":219,"minecraft:carrot":36,"minecraft:redstone":504,"minecraft:arrow":16,"minecraft:peony":14,"minecraft:mutton":5,"minecraft:white_wool":3,"minecraft:rail":231,"minecraft:oxeye_daisy":2,"minecraft:basalt":6,"minecraft:tripwire_hook":2,"minecraft:leather":1,"minecraft:red_mushroom":4,"minecraft:oak_log":155,"minecraft:gunpowder":7,"minecraft:blue_bed":4,"minecraft:white_banner":1,"minecraft:apple":9,"minecraft:kelp":209,"minecraft:oak_slab":1,"minecraft:pumpkin":17,"minecraft:quartz":7,"minecraft:dandelion":21,"minecraft:raw_iron_block":3,"minecraft:gravel":20,"minecraft:spruce_sapling":1,"minecraft:white_bed":11,"minecraft:spruce_log":21,"minecraft:spider_eye":1,"minecraft:purple_bed":4,"minecraft:stone_axe":1,"minecraft:oak_button":1,"minecraft:coal":64,"minecraft:ender_pearl":1},"minecraft:dropped":{"minecraft:rail":52,"minecraft:flint":4,"minecraft:emerald":3,"minecraft:bone_meal":9,"minecraft:bone":7,"minecraft:gravel":1,"minecraft:stone_axe":5,"minecraft:blackstone":5,"minecraft:cobbled_deepslate":204,"minecraft:rotten_flesh":24,"universal_graves:grave_compass":1,"minecraft:oak_planks":6,"minecraft:white_bed":3,"minecraft:carrot":23,"minecraft:leather_leggings":2,"minecraft:spruce_slab":2,"minecraft:basalt":6,"minecraft:arrow":4,"minecraft:netherrack":5,"minecraft:egg":11,"minecraft:bread":295,"minecraft:oak_slab":1,"minecraft:wheat_seeds":4,"minecraft:golden_helmet":1,"minecraft:cobblestone":74,"minecraft:apple":1,"minecraft:granite":9,"minecraft:string":23,"minecraft:tripwire_hook":2,"minecraft:kelp":6,"minecraft:oak_trapdoor":5,"minecraft:raw_copper":18,"minecraft:tuff":10,"minecraft:stone_shovel":1,"minecraft:suspicious_stew":13,"minecraft:potato":2,"minecraft:oak_button":1,"minecraft:spruce_trapdoor":1,"minecraft:spruce_planks":1,"minecraft:andesite":6,"minecraft:oak_sapling":147,"minecraft:oak_boat":1,"minecraft:stone_pickaxe":4,"minecraft:wooden_pickaxe":3},"minecraft:used":{"minecraft:dispenser":2,"minecraft:ladder":102,"minecraft:oak_sign":3,"minecraft:chest":5,"minecraft:shield":51,"minecraft:rotten_flesh":33,"minecraft:carrot":13,"minecraft:tuff":42,"minecraft:spruce_boat":3,"minecraft:glass":30,"minecraft:lava_bucket":7,"minecraft:furnace":3,"minecraft:oak_sapling":4,"minecraft:egg":19,"minecraft:potato":1,"minecraft:powered_rail":3,"minecraft:stone_pickaxe":557,"minecraft:oak_planks":92,"minecraft:wooden_pickaxe":29,"minecraft:blue_bed":3,"minecraft:diamond_axe":274,"minecraft:golden_apple":1,"minecraft:glow_berries":4,"minecraft:shears":1,"minecraft:redstone_torch":4,"minecraft:bread":112,"minecraft:string":5,"minecraft:oak_pressure_plate":2,"minecraft:gravel":2,"minecraft:oak_boat":3,"minecraft:oak_trapdoor":7,"minecraft:oak_fence":1,"minecraft:stone_shovel":6,"minecraft:spruce_planks":8,"minecraft:stone_hoe":9,"minecraft:torch":172,"minecraft:dirt":410,"minecraft:barrel":8,"minecraft:tripwire_hook":4,"minecraft:golden_carrot":19,"minecraft:minecart":2,"minecraft:cobbled_deepslate":219,"minecraft:pumpkin":2,"minecraft:pointed_dripstone":1,"minecraft:water_bucket":63,"minecraft:rail":8,"minecraft:oak_slab":3,"minecraft:crafting_table":14,"minecraft:red_bed":1,"minecraft:white_bed":3,"minecraft:oak_log":5,"minecraft:flower_pot":1,"minecraft:diamond_pickaxe":1984,"minecraft:apple":2,"minecraft:diamond_shovel":1972,"minecraft:oak_button":8,"minecraft:iron_pickaxe":390,"minecraft:spruce_trapdoor":2,"minecraft:spruce_sapling":1,"minecraft:stone_axe":122,"minecraft:cobblestone":73,"minecraft:purple_bed":1,"minecraft:white_banner":1,"minecraft:bucket":73,"minecraft:pumpkin_pie":8,"minecraft:kelp":25,"minecraft:dandelion":2},"minecraft:mined":{"minecraft:spruce_planks":5,"minecraft:white_bed":7,"minecraft:oak_sapling":16,"minecraft:granite":28,"minecraft:grass_block":871,"minecraft:spawner":1,"minecraft:tall_seagrass":5,"minecraft:raw_iron_block":3,"minecraft:cobbled_deepslate":16,"minecraft:iron_ore":44,"minecraft:fire":1,"minecraft:barrel":5,"minecraft:pumpkin":17,"minecraft:deepslate_lapis_ore":24,"minecraft:potted_dandelion":1,"minecraft:pointed_dripstone":1,"minecraft:dirt_path":1,"minecraft:white_banner":1,"minecraft:spruce_slab":1,"minecraft:tripwire":1,"minecraft:deepslate_redstone_ore":125,"minecraft:red_bed":1,"minecraft:blackstone":5,"minecraft:kelp_plant":38,"minecraft:torch":26,"minecraft:chest":3,"minecraft:glass":116,"minecraft:nether_quartz_ore":8,"minecraft:cobblestone":28,"minecraft:sugar_cane":3,"minecraft:oak_planks":18,"minecraft:wall_torch":23,"minecraft:amethyst_block":1,"minecraft:deepslate_copper_ore":2,"minecraft:seagrass":3,"minecraft:powered_rail":4,"minecraft:birch_log":1,"minecraft:wheat":1,"minecraft:oak_log":10,"minecraft:dirt":823,"minecraft:smooth_basalt":2,"minecraft:netherrack":5,"minecraft:oak_leaves":36,"minecraft:deepslate":1349,"minecraft:nether_gold_ore":11,"minecraft:tuff":167,"minecraft:deepslate_diamond_ore":87,"minecraft:spruce_leaves":1,"minecraft:red_mushroom":4,"minecraft:kelp":4,"minecraft:large_fern":1,"minecraft:redstone_ore":14,"minecraft:oak_trapdoor":3,"minecraft:furnace":2,"minecraft:peony":15,"minecraft:potatoes":2,"minecraft:deepslate_iron_ore":176,"minecraft:rail":235,"minecraft:stone":395,"minecraft:redstone_wall_torch":1,"minecraft:oak_slab":1,"minecraft:basalt":6,"minecraft:dandelion":4,"minecraft:crafting_table":4,"minecraft:short_grass":60,"minecraft:copper_ore":3,"minecraft:deepslate_coal_ore":2,"minecraft:deepslate_gold_ore":58,"minecraft:diorite":15,"minecraft:blue_bed":4,"minecraft:purple_bed":4,"minecraft:stripped_spruce_wood":7,"minecraft:redstone_torch":1,"minecraft:spruce_log":22,"minecraft:coal_ore":64,"minecraft:gravel":24,"minecraft:oak_button":1},"minecraft:broken":{"minecraft:golden_leggings":1,"minecraft:stone_pickaxe":2,"minecraft:diamond_pickaxe":1,"minecraft:shield":1,"minecraft:iron_pickaxe":1},"minecraft:custom":{"minecraft:interact_with_crafting_table":66,"minecraft:open_barrel":57,"minecraft:leave_game":12,"minecraft:time_since_death":110191,"minecraft:sprint_one_cm":1569670,"minecraft:damage_blocked_by_shield":3560,"minecraft:drop":287,"minecraft:talked_to_villager":133,"minecraft:play_time":681840,"minecraft:deaths":29,"minecraft:jump":6553,"minecraft:walk_on_water_one_cm":66676,"minecraft:enchant_item":6,"minecraft:interact_with_furnace":45,"minecraft:traded_with_villager":479,"minecraft:sleep_in_bed":43,"minecraft:open_enderchest":1,"minecraft:damage_dealt":18532,"minecraft:player_kills":1,"minecraft:crouch_one_cm":59819,"minecraft:interact_with_smoker":1,"minecraft:inspect_dispenser":8,"minecraft:mob_kills":96,"minecraft:interact_with_anvil":1,"minecraft:climb_one_cm":136291,"minecraft:walk_one_cm":1442698,"minecraft:sneak_time":17924,"minecraft:walk_under_water_one_cm":64539,"minecraft:boat_one_cm":63911,"minecraft:interact_with_blast_furnace":24,"minecraft:total_world_time":681840,"minecraft:tune_noteblock":54,"minecraft:interact_with_grindstone":4,"minecraft:time_since_rest":0,"minecraft:damage_taken":15783,"minecraft:damage_absorbed":40,"minecraft:swim_one_cm":155254,"minecraft:fly_one_cm":945141,"minecraft:open_chest":190,"minecraft:fall_one_cm":210042},"minecraft:crafted":{"minecraft:oak_planks":408,"minecraft:barrel":3,"minecraft:oak_sign":12,"minecraft:oak_pressure_plate":2,"minecraft:diamond_shovel":1,"minecraft:suspicious_stew":10,"minecraft:hopper":1,"minecraft:bow":2,"minecraft:iron_boots":1,"minecraft:chest":4,"minecraft:oak_button":8,"minecraft:stone_hoe":1,"minecraft:oak_slab":12,"minecraft:emerald":274,"minecraft:diamond_axe":1,"minecraft:crafting_table":11,"minecraft:spruce_planks":112,"minecraft:wooden_pickaxe":1,"minecraft:iron_helmet":1,"minecraft:birch_planks":4,"minecraft:dispenser":2,"minecraft:apple":64,"minecraft:iron_chestplate":2,"minecraft:diamond_pickaxe":3,"minecraft:shield":3,"minecraft:stick":388,"minecraft:iron_pickaxe":2,"minecraft:iron_ingot":200,"minecraft:compass":1,"minecraft:iron_block":15,"minecraft:shears":1,"minecraft:golden_carrot":102,"minecraft:cookie":36,"minecraft:raw_iron":27,"minecraft:stone_shovel":1,"minecraft:tripwire_hook":4,"minecraft:furnace":1,"minecraft:bone_meal":9,"minecraft:oak_trapdoor":8,"minecraft:ladder":144,"minecraft:stone_pickaxe":7,"minecraft:spruce_boat":2,"minecraft:redstone_block":38,"minecraft:bucket":3,"minecraft:stone_axe":5,"minecraft:bread":786,"minecraft:air":0,"minecraft:oak_boat":2,"minecraft:iron_leggings":1,"minecraft:white_bed":1,"minecraft:pumpkin_pie":48,"minecraft:torch":136,"minecraft:lapis_block":14},"minecraft:killed_by":{"minecraft:creeper":3,"minecraft:cave_spider":1,"minecraft:zombie":8,"minecraft:player":3,"minecraft:enderman":1,"minecraft:skeleton":8},"minecraft:killed":{"minecraft:witch":2,"minecraft:spider":3,"minecraft:skeleton":15,"minecraft:creeper":5,"minecraft:sheep":3,"minecraft:zombie":62,"minecraft:cow":2,"minecraft:player":1,"minecraft:enderman":1}},"DataVersion":3953}