{"stats":{"minecraft:picked_up":{"minecraft:iron_chestplate":1,"minecraft:wheat":1,"minecraft:chainmail_boots":4,"minecraft:flower_pot":1,"minecraft:suspicious_stew":3,"minecraft:lead":1,"minecraft:string":10733,"minecraft:raw_copper":28,"minecraft:shroomlight":3,"minecraft:oak_sign":2,"minecraft:gold_nugget":46,"minecraft:cobbled_deepslate":1287,"minecraft:bucket":1,"minecraft:spruce_planks":7,"minecraft:redstone_torch":4,"minecraft:furnace":3,"minecraft:golden_helmet":2,"minecraft:stick":54,"minecraft:oak_fence":1,"minecraft:torch":68,"minecraft:pointed_dripstone":1,"minecraft:diorite":17,"minecraft:rotten_flesh":69,"minecraft:cobblestone":422,"minecraft:birch_log":1,"minecraft:magma_block":1,"minecraft:magma_cream":1,"minecraft:water_bucket":1,"minecraft:andesite":6,"minecraft:golden_leggings":1,"minecraft:potato":5,"minecraft:flint":42,"minecraft:tuff":181,"minecraft:stripped_spruce_wood":7,"minecraft:lapis_lazuli":173,"minecraft:dirt":3046,"minecraft:bone":32,"minecraft:wheat_seeds":20,"minecraft:raw_gold":153,"minecraft:powered_rail":3,"minecraft:oak_planks":103,"minecraft:warped_wart_block":93,"minecraft:barrel":5,"minecraft:dispenser":1,"minecraft:diamond":163,"minecraft:spruce_boat":2,"minecraft:granite":28,"minecraft:emerald":2,"minecraft:chainmail_helmet":1,"minecraft:oak_sapling":162,"minecraft:netherrack":590,"minecraft:crimson_roots":2,"minecraft:crafting_table":4,"minecraft:ladder":2,"minecraft:leather_leggings":2,"minecraft:chest_minecart":1,"minecraft:wooden_pickaxe":2,"minecraft:cornflower":2,"minecraft:oak_trapdoor":4,"minecraft:red_bed":1,"minecraft:blackstone":5,"minecraft:detector_rail":1,"minecraft:beef":3,"minecraft:oak_boat":12,"minecraft:spruce_slab":5,"minecraft:minecart":8,"minecraft:sugar_cane":13,"minecraft:chest":9,"minecraft:spruce_trapdoor":2,"minecraft:egg":48,"minecraft:raw_iron":223,"minecraft:cookie":36,"minecraft:carrot":36,"minecraft:redstone":1043,"minecraft:stone_shovel":1,"minecraft:arrow":21,"minecraft:peony":14,"minecraft:nether_bricks":1,"minecraft:mutton":5,"minecraft:white_wool":3,"minecraft:rail":289,"minecraft:oxeye_daisy":2,"minecraft:basalt":82,"minecraft:crimson_stem":1,"minecraft:golden_carrot":1,"minecraft:tripwire_hook":4,"minecraft:leather":1,"minecraft:red_mushroom":4,"minecraft:crimson_fungus":1,"minecraft:oak_log":195,"minecraft:nether_wart_block":1,"minecraft:gunpowder":19,"minecraft:blue_bed":4,"minecraft:white_banner":1,"minecraft:apple":75,"minecraft:kelp":209,"minecraft:warped_stem":19,"minecraft:stone_pickaxe":5,"minecraft:book":2,"minecraft:oak_slab":2,"minecraft:warped_fungus":9,"minecraft:pumpkin":17,"minecraft:quartz":62,"minecraft:dandelion":24,"minecraft:raw_iron_block":3,"minecraft:gravel":28,"minecraft:spruce_sapling":1,"minecraft:blast_furnace":1,"minecraft:white_bed":12,"minecraft:spruce_log":69,"minecraft:spider_eye":4,"minecraft:purple_bed":5,"minecraft:slime_ball":15,"minecraft:stone_axe":1,"minecraft:painting":2,"minecraft:warped_roots":1,"minecraft:oak_button":2,"minecraft:coal":65,"minecraft:hopper":6,"minecraft:ender_pearl":1},"minecraft:dropped":{"minecraft:diamond_axe":1,"minecraft:rail":52,"minecraft:flint":40,"minecraft:emerald":35,"minecraft:dirt":13,"minecraft:crimson_roots":2,"minecraft:bone_meal":9,"minecraft:iron_pickaxe":1,"minecraft:bone":20,"minecraft:gravel":9,"minecraft:stone_axe":5,"minecraft:blackstone":5,"minecraft:cobbled_deepslate":229,"minecraft:rotten_flesh":34,"universal_graves:grave_compass":1,"minecraft:oak_planks":7,"minecraft:white_bed":3,"minecraft:warped_planks":67,"minecraft:carrot":23,"minecraft:gunpowder":4,"minecraft:chainmail_boots":16,"minecraft:leather_leggings":2,"minecraft:spruce_slab":8,"minecraft:basalt":6,"minecraft:arrow":11,"minecraft:warped_wart_block":71,"minecraft:netherrack":248,"minecraft:egg":20,"minecraft:bread":295,"minecraft:oak_slab":7,"minecraft:wheat_seeds":4,"minecraft:golden_helmet":1,"minecraft:iron_helmet":1,"minecraft:cobblestone":103,"minecraft:book":2,"minecraft:apple":4,"minecraft:granite":9,"minecraft:chainmail_helmet":15,"minecraft:stick":2,"minecraft:golden_carrot":1,"minecraft:wooden_axe":1,"minecraft:iron_leggings":7,"minecraft:string":208,"minecraft:tripwire_hook":2,"minecraft:dandelion":1,"minecraft:furnace":1,"minecraft:kelp":6,"minecraft:oak_trapdoor":6,"minecraft:raw_copper":18,"minecraft:bowl":1,"minecraft:tuff":74,"minecraft:stone_shovel":3,"minecraft:iron_boots":1,"minecraft:suspicious_stew":13,"minecraft:shroomlight":2,"minecraft:potato":2,"minecraft:spruce_boat":1,"minecraft:shield":1,"minecraft:oak_button":2,"minecraft:spruce_trapdoor":1,"minecraft:spruce_planks":5,"minecraft:iron_chestplate":4,"minecraft:andesite":6,"minecraft:oak_sapling":147,"minecraft:oak_boat":1,"minecraft:stone_pickaxe":11,"minecraft:wooden_pickaxe":4},"minecraft:used":{"minecraft:spruce_slab":1,"minecraft:dispenser":3,"minecraft:ladder":102,"minecraft:oak_sign":14,"minecraft:chest":14,"minecraft:shield":61,"minecraft:rotten_flesh":33,"minecraft:nether_bricks":1,"minecraft:carrot":13,"minecraft:tuff":45,"minecraft:spruce_boat":3,"minecraft:glass":30,"minecraft:lava_bucket":8,"minecraft:furnace":3,"minecraft:oak_sapling":4,"minecraft:egg":28,"minecraft:potato":1,"minecraft:diorite":2,"minecraft:powered_rail":3,"minecraft:stone_pickaxe":557,"minecraft:oak_planks":170,"minecraft:wooden_pickaxe":29,"minecraft:blue_bed":3,"minecraft:diamond_axe":521,"minecraft:golden_apple":1,"minecraft:glow_berries":4,"minecraft:blast_furnace":1,"minecraft:shears":4,"minecraft:redstone_torch":4,"minecraft:bread":112,"minecraft:string":18,"minecraft:oak_pressure_plate":2,"minecraft:gravel":2,"minecraft:diamond_sword":44,"minecraft:oak_boat":6,"minecraft:oak_trapdoor":8,"minecraft:oak_fence":2,"minecraft:stone_shovel":7,"minecraft:spruce_planks":13,"minecraft:stone_hoe":9,"minecraft:netherrack":19,"minecraft:torch":193,"minecraft:dirt":715,"minecraft:warped_wart_block":22,"minecraft:hopper":7,"minecraft:shroomlight":1,"minecraft:spruce_button":1,"minecraft:barrel":9,"minecraft:basalt":67,"minecraft:tripwire_hook":12,"minecraft:golden_carrot":78,"minecraft:minecart":2,"minecraft:cobbled_deepslate":228,"minecraft:pumpkin":2,"minecraft:pointed_dripstone":1,"minecraft:water_bucket":70,"minecraft:rail":65,"minecraft:oak_slab":4,"minecraft:crafting_table":19,"minecraft:red_bed":1,"minecraft:white_bed":4,"minecraft:painting":2,"minecraft:oak_log":5,"minecraft:flower_pot":1,"minecraft:diamond_pickaxe":3112,"minecraft:apple":2,"minecraft:diamond_shovel":2182,"minecraft:suspicious_stew":1,"minecraft:oak_button":10,"minecraft:iron_pickaxe":666,"minecraft:spruce_trapdoor":3,"minecraft:spruce_sapling":1,"minecraft:stone_axe":122,"minecraft:cobblestone":73,"minecraft:purple_bed":2,"minecraft:white_banner":1,"minecraft:bucket":82,"minecraft:pumpkin_pie":8,"minecraft:kelp":25,"minecraft:dandelion":5},"minecraft:mined":{"minecraft:spruce_planks":7,"minecraft:white_bed":7,"minecraft:oak_sapling":16,"minecraft:granite":28,"minecraft:grass_block":909,"minecraft:hopper":2,"minecraft:spawner":1,"minecraft:weeping_vines_plant":1,"minecraft:tall_seagrass":5,"minecraft:magma_block":6,"minecraft:raw_iron_block":3,"minecraft:cobbled_deepslate":16,"minecraft:iron_ore":44,"minecraft:fire":5,"minecraft:barrel":5,"minecraft:pumpkin":17,"minecraft:deepslate_lapis_ore":29,"minecraft:potted_dandelion":1,"minecraft:pointed_dripstone":1,"minecraft:dirt_path":13,"minecraft:white_banner":1,"minecraft:spruce_slab":1,"minecraft:tripwire":6,"minecraft:deepslate_redstone_ore":214,"minecraft:red_bed":1,"minecraft:blackstone":5,"minecraft:kelp_plant":38,"minecraft:crimson_nylium":26,"minecraft:torch":34,"minecraft:blast_furnace":1,"minecraft:chest":10,"minecraft:glass":116,"minecraft:nether_quartz_ore":44,"minecraft:cobblestone":28,"minecraft:sugar_cane":3,"minecraft:oak_planks":86,"minecraft:wall_torch":27,"minecraft:amethyst_block":1,"minecraft:deepslate_copper_ore":2,"minecraft:seagrass":3,"minecraft:warped_nylium":1,"minecraft:powered_rail":4,"minecraft:nether_wart_block":1,"minecraft:birch_log":1,"minecraft:wheat":1,"minecraft:warped_fungus":11,"minecraft:oak_log":10,"minecraft:dirt":911,"minecraft:smooth_basalt":2,"minecraft:netherrack":591,"minecraft:oak_leaves":38,"minecraft:deepslate":1695,"minecraft:nether_gold_ore":11,"minecraft:diamond_ore":2,"minecraft:tuff":234,"minecraft:deepslate_diamond_ore":118,"minecraft:nether_bricks":1,"minecraft:spruce_leaves":1,"minecraft:red_mushroom":4,"minecraft:kelp":4,"minecraft:crimson_stem":1,"minecraft:large_fern":1,"minecraft:redstone_ore":14,"minecraft:oak_trapdoor":3,"minecraft:furnace":3,"minecraft:peony":15,"minecraft:potatoes":2,"minecraft:deepslate_iron_ore":177,"minecraft:rail":272,"minecraft:warped_stem":3,"minecraft:stone":414,"minecraft:redstone_wall_torch":1,"minecraft:oak_slab":1,"minecraft:basalt":86,"minecraft:dandelion":5,"minecraft:crafting_table":5,"minecraft:short_grass":60,"minecraft:copper_ore":3,"minecraft:deepslate_coal_ore":2,"minecraft:deepslate_gold_ore":98,"minecraft:diorite":18,"minecraft:blue_bed":4,"minecraft:purple_bed":4,"minecraft:stripped_spruce_wood":7,"minecraft:redstone_torch":1,"minecraft:ice":1,"minecraft:spruce_log":22,"minecraft:coal_ore":65,"minecraft:gravel":69,"minecraft:oak_button":1,"minecraft:gold_ore":4},"minecraft:broken":{"minecraft:golden_leggings":1,"minecraft:stone_pickaxe":2,"minecraft:diamond_pickaxe":1,"minecraft:shield":1,"minecraft:iron_pickaxe":2},"minecraft:custom":{"minecraft:interact_with_crafting_table":86,"minecraft:open_barrel":72,"minecraft:leave_game":12,"minecraft:time_since_death":10845,"minecraft:sprint_one_cm":2294289,"minecraft:damage_blocked_by_shield":4125,"minecraft:drop":415,"minecraft:talked_to_villager":265,"minecraft:play_time":879840,"minecraft:deaths":30,"minecraft:jump":9140,"minecraft:walk_on_water_one_cm":81788,"minecraft:enchant_item":9,"minecraft:interact_with_furnace":46,"minecraft:traded_with_villager":775,"minecraft:sleep_in_bed":50,"minecraft:open_enderchest":1,"minecraft:damage_dealt":31530,"minecraft:player_kills":1,"minecraft:crouch_one_cm":89368,"minecraft:interact_with_smoker":1,"minecraft:inspect_dispenser":27,"minecraft:mob_kills":190,"minecraft:interact_with_anvil":2,"minecraft:inspect_hopper":29,"minecraft:climb_one_cm":149623,"minecraft:walk_one_cm":1910791,"minecraft:sneak_time":25524,"minecraft:walk_under_water_one_cm":87086,"minecraft:boat_one_cm":64417,"minecraft:interact_with_blast_furnace":27,"minecraft:total_world_time":879840,"minecraft:tune_noteblock":54,"minecraft:interact_with_grindstone":5,"minecraft:time_since_rest":10902,"minecraft:damage_taken":20321,"minecraft:damage_absorbed":40,"minecraft:swim_one_cm":243511,"minecraft:fly_one_cm":1426260,"minecraft:open_chest":319,"minecraft:fall_one_cm":267993},"minecraft:crafted":{"minecraft:oak_planks":760,"minecraft:chainmail_helmet":15,"minecraft:barrel":4,"minecraft:oak_sign":12,"minecraft:oak_pressure_plate":2,"minecraft:diamond_shovel":1,"minecraft:suspicious_stew":11,"minecraft:warped_planks":76,"minecraft:hopper":1,"minecraft:diamond_helmet":1,"minecraft:diamond_leggings":1,"minecraft:bow":2,"minecraft:iron_boots":1,"minecraft:chest":5,"minecraft:oak_button":10,"minecraft:stone_hoe":1,"minecraft:oak_slab":12,"minecraft:emerald":517,"minecraft:diamond_axe":1,"minecraft:crafting_table":14,"minecraft:spruce_planks":132,"minecraft:wooden_pickaxe":2,"minecraft:iron_helmet":1,"minecraft:birch_planks":4,"minecraft:dispenser":2,"minecraft:apple":64,"minecraft:iron_chestplate":6,"minecraft:diamond_pickaxe":3,"minecraft:shield":4,"minecraft:stick":392,"minecraft:iron_pickaxe":4,"minecraft:iron_ingot":250,"minecraft:compass":1,"minecraft:iron_block":15,"minecraft:shears":2,"minecraft:golden_carrot":132,"minecraft:cookie":36,"minecraft:raw_iron":27,"minecraft:stone_shovel":2,"minecraft:tripwire_hook":6,"minecraft:spruce_button":1,"minecraft:furnace":1,"minecraft:bone_meal":9,"minecraft:diamond_block":15,"minecraft:oak_trapdoor":10,"minecraft:ladder":144,"minecraft:spruce_slab":6,"minecraft:stone_pickaxe":9,"minecraft:diamond_boots":1,"minecraft:spruce_boat":2,"minecraft:redstone_block":97,"minecraft:minecart":2,"minecraft:diamond_sword":1,"minecraft:bucket":3,"minecraft:stone_axe":5,"minecraft:bread":786,"minecraft:air":0,"minecraft:oak_boat":33,"minecraft:chainmail_boots":12,"minecraft:wooden_axe":1,"minecraft:iron_leggings":7,"minecraft:white_bed":1,"minecraft:pumpkin_pie":48,"minecraft:torch":136,"minecraft:lapis_lazuli":9,"minecraft:lapis_block":21,"minecraft:diamond_chestplate":1},"minecraft:killed_by":{"minecraft:creeper":3,"minecraft:cave_spider":1,"minecraft:zombie":8,"minecraft:player":3,"minecraft:enderman":1,"minecraft:skeleton":8},"minecraft:killed":{"minecraft:witch":2,"minecraft:spider":7,"minecraft:skeleton":24,"minecraft:magma_cube":17,"minecraft:piglin":8,"minecraft:creeper":15,"minecraft:sheep":3,"minecraft:zombie":85,"minecraft:cow":2,"minecraft:slime":16,"minecraft:wither_skeleton":1,"minecraft:player":1,"minecraft:enderman":2}},"DataVersion":3953}