{"stats":{"minecraft:custom":{"minecraft:interact_with_furnace":24,"minecraft:mob_kills":31,"minecraft:interact_with_crafting_table":18,"minecraft:leave_game":8,"minecraft:time_since_death":15002,"minecraft:sleep_in_bed":8,"minecraft:time_since_rest":14583,"minecraft:sprint_one_cm":447732,"minecraft:damage_taken":1064,"minecraft:walk_one_cm":610711,"minecraft:damage_dealt":2570,"minecraft:swim_one_cm":14883,"minecraft:fly_one_cm":269871,"minecraft:open_chest":32,"minecraft:crouch_one_cm":949,"minecraft:play_time":210237,"minecraft:deaths":3,"minecraft:sneak_time":239,"minecraft:walk_under_water_one_cm":20279,"minecraft:boat_one_cm":30662,"minecraft:jump":2295,"minecraft:interact_with_blast_furnace":1,"minecraft:walk_on_water_one_cm":14337,"minecraft:interact_with_smoker":2,"minecraft:total_world_time":210237,"minecraft:fall_one_cm":27158},"minecraft:picked_up":{"minecraft:crafting_table":12,"minecraft:feather":6,"minecraft:chicken":9,"minecraft:leather":7,"minecraft:lead":1,"minecraft:potato":66,"minecraft:oak_log":20,"minecraft:blue_bed":2,"minecraft:dirt":12,"minecraft:bone":3,"minecraft:wheat_seeds":5,"minecraft:rabbit_hide":1,"minecraft:beef":14,"minecraft:rabbit":1,"minecraft:sugar_cane":10,"minecraft:furnace":5,"minecraft:stick":3,"minecraft:pumpkin":1,"minecraft:sweet_berries":27,"minecraft:porkchop":9,"minecraft:carrot":71,"minecraft:white_bed":1,"minecraft:spruce_log":79,"minecraft:arrow":1,"minecraft:rotten_flesh":7,"minecraft:diamond":3,"minecraft:spruce_boat":1,"minecraft:pumpkin_pie":6,"minecraft:diamond_axe":1,"minecraft:black_wool":1,"minecraft:mutton":11,"minecraft:coal":26,"minecraft:snowball":9,"minecraft:white_wool":8,"minecraft:cobblestone":94},"minecraft:killed_by":{"minecraft:skeleton":2,"minecraft:creeper":1},"minecraft:crafted":{"minecraft:cooked_beef":6,"minecraft:oak_planks":52,"minecraft:crafting_table":4,"minecraft:spruce_planks":24,"minecraft:wooden_pickaxe":3,"minecraft:furnace":1,"minecraft:stone_axe":1,"minecraft:cooked_mutton":4,"minecraft:air":0,"minecraft:charcoal":1,"minecraft:stick":32,"minecraft:stone_pickaxe":3,"minecraft:wooden_axe":6,"minecraft:spruce_boat":1},"minecraft:used":{"minecraft:cooked_mutton":3,"minecraft:stone_pickaxe":110,"minecraft:wooden_pickaxe":13,"minecraft:blue_bed":1,"minecraft:rotten_flesh":7,"minecraft:dirt":2,"minecraft:crafting_table":12,"minecraft:carrot":36,"minecraft:white_bed":1,"minecraft:snowball":9,"minecraft:spruce_log":3,"minecraft:spruce_boat":1,"minecraft:wooden_axe":196,"minecraft:stone_axe":19,"minecraft:furnace":1,"minecraft:pumpkin_pie":3,"minecraft:cooked_beef":1,"minecraft:potato":16,"minecraft:pumpkin":1},"minecraft:broken":{"minecraft:wooden_axe":2},"minecraft:mined":{"minecraft:white_bed":1,"minecraft:powder_snow":18,"minecraft:crafting_table":12,"minecraft:short_grass":26,"minecraft:grass_block":5,"minecraft:spruce_leaves":9,"minecraft:sugar_cane":2,"minecraft:blue_bed":2,"minecraft:large_fern":8,"minecraft:furnace":5,"minecraft:carrots":30,"minecraft:sweet_berry_bush":10,"minecraft:spruce_log":83,"minecraft:birch_leaves":2,"minecraft:pumpkin":1,"minecraft:coal_ore":26,"minecraft:potatoes":18,"minecraft:oak_log":18,"minecraft:dirt":7,"minecraft:stone":91,"minecraft:fern":1,"minecraft:oak_leaves":2},"minecraft:killed":{"minecraft:pig":3,"minecraft:spider":1,"minecraft:sheep":9,"minecraft:zombie":1,"minecraft:chicken":9,"minecraft:cow":8}},"DataVersion":3953}