{"stats":{"minecraft:custom":{"minecraft:mob_kills":209,"minecraft:interact_with_crafting_table":96,"minecraft:open_barrel":121,"minecraft:fill_cauldron":10,"minecraft:bell_ring":14,"minecraft:leave_game":10,"minecraft:time_since_death":24458,"minecraft:climb_one_cm":18988,"minecraft:sprint_one_cm":1186469,"minecraft:walk_one_cm":3446612,"minecraft:damage_blocked_by_shield":10653,"minecraft:drop":29,"minecraft:talked_to_villager":3,"minecraft:play_time":712085,"minecraft:sneak_time":38324,"minecraft:deaths":9,"minecraft:walk_under_water_one_cm":110447,"minecraft:boat_one_cm":9881,"minecraft:jump":5254,"minecraft:interact_with_blast_furnace":45,"minecraft:walk_on_water_one_cm":143742,"minecraft:enchant_item":5,"minecraft:total_world_time":712085,"minecraft:interact_with_furnace":56,"minecraft:interact_with_stonecutter":1,"minecraft:sleep_in_bed":19,"minecraft:time_since_rest":6512,"minecraft:damage_taken":7742,"minecraft:damage_absorbed":30,"minecraft:damage_dealt":25054,"minecraft:swim_one_cm":40113,"minecraft:fly_one_cm":356896,"minecraft:open_chest":77,"minecraft:crouch_one_cm":74178,"minecraft:interact_with_smoker":35,"minecraft:fall_one_cm":59825,"minecraft:use_cauldron":8},"minecraft:used":{"minecraft:peony":26,"minecraft:flint_and_steel":24,"minecraft:rose_bush":22,"minecraft:iron_shovel":148,"minecraft:chest":6,"minecraft:spruce_planks":41,"minecraft:shield":194,"minecraft:bell":1,"minecraft:stone_hoe":33,"minecraft:netherrack":16,"minecraft:iron_chestplate":1,"minecraft:torch":135,"minecraft:dirt":29,"minecraft:spyglass":8,"minecraft:mutton":2,"minecraft:carrot":108,"minecraft:granite":8,"minecraft:spruce_fence":13,"minecraft:snowball":7,"minecraft:obsidian":21,"minecraft:lava_bucket":6,"minecraft:lantern":13,"minecraft:iron_axe":338,"minecraft:oak_stairs":179,"minecraft:red_candle":13,"minecraft:iron_boots":2,"minecraft:pink_wool":1,"minecraft:barrel":4,"minecraft:basalt":3,"minecraft:beef":6,"minecraft:bow":50,"minecraft:sweet_berries":10,"minecraft:oak_sapling":4,"minecraft:furnace":5,"minecraft:egg":9,"minecraft:potato":95,"minecraft:cooked_beef":14,"minecraft:cobbled_deepslate":54,"minecraft:iron_leggings":1,"minecraft:cooked_mutton":1,"minecraft:water_bucket":28,"minecraft:diorite":29,"minecraft:amethyst_block":1,"minecraft:cobblestone_stairs":97,"minecraft:spruce_door":5,"minecraft:stone_pickaxe":130,"minecraft:baked_potato":49,"minecraft:wooden_pickaxe":10,"minecraft:diamond_axe":273,"minecraft:cauldron":2,"minecraft:blue_bed":3,"minecraft:leather_boots":1,"minecraft:golden_apple":1,"minecraft:sand":9,"minecraft:oak_slab":1,"minecraft:crafting_table":6,"minecraft:blast_furnace":6,"minecraft:white_bed":3,"minecraft:spruce_log":49,"minecraft:smoker":4,"minecraft:oak_log":1,"minecraft:diamond_pickaxe":1279,"minecraft:apple":2,"minecraft:iron_pickaxe":603,"minecraft:gravel":38,"minecraft:spruce_sapling":29,"minecraft:stone_axe":201,"minecraft:cobblestone":431,"minecraft:andesite":26,"minecraft:bucket":36,"minecraft:glass_pane":43,"minecraft:bone_meal":14},"minecraft:mined":{"minecraft:nether_gold_ore":8,"minecraft:tuff":13,"minecraft:spruce_planks":7,"minecraft:white_bed":3,"minecraft:deepslate_diamond_ore":31,"minecraft:cobblestone_stairs":7,"minecraft:budding_amethyst":1,"minecraft:obsidian":38,"minecraft:glow_lichen":1,"minecraft:granite":27,"minecraft:grass_block":8,"minecraft:spruce_fence":1,"minecraft:spruce_leaves":32,"minecraft:pink_wool":1,"minecraft:spawner":2,"minecraft:spruce_sapling":1,"minecraft:furnace":4,"minecraft:carrots":43,"minecraft:fire":21,"minecraft:iron_ore":144,"minecraft:cobbled_deepslate":17,"minecraft:barrel":1,"minecraft:andesite":43,"minecraft:deepslate_lapis_ore":7,"minecraft:peony":26,"minecraft:bell":1,"minecraft:potatoes":81,"minecraft:deepslate_iron_ore":70,"minecraft:water_cauldron":2,"minecraft:oak_stairs":45,"minecraft:lantern":33,"minecraft:stone":724,"minecraft:glass_pane":1,"minecraft:blackstone":44,"minecraft:amethyst_cluster":5,"minecraft:basalt":176,"minecraft:torch":1,"minecraft:spruce_door":3,"minecraft:crafting_table":4,"minecraft:short_grass":72,"minecraft:campfire":2,"minecraft:rose_bush":22,"minecraft:nether_quartz_ore":45,"minecraft:copper_ore":8,"minecraft:tall_grass":4,"minecraft:cobblestone":20,"minecraft:deepslate_gold_ore":28,"minecraft:oak_planks":2,"minecraft:diorite":45,"minecraft:blue_bed":3,"minecraft:amethyst_block":41,"minecraft:seagrass":1,"minecraft:red_candle":8,"minecraft:wheat":2,"minecraft:lilac":18,"minecraft:spruce_log":131,"minecraft:oak_log":64,"minecraft:coal_ore":180,"minecraft:gravel":52,"minecraft:sand":73,"minecraft:dirt":23,"minecraft:netherrack":146,"minecraft:oak_leaves":21,"minecraft:deepslate":59},"minecraft:picked_up":{"minecraft:charcoal":8,"minecraft:crafting_table":5,"minecraft:iron_chestplate":3,"minecraft:chainmail_boots":1,"minecraft:chicken":9,"minecraft:pink_wool":3,"minecraft:lead":2,"minecraft:wooden_pickaxe":3,"minecraft:oak_stairs":45,"minecraft:potion":1,"minecraft:shield":3,"minecraft:amethyst_block":41,"minecraft:flint_and_steel":1,"minecraft:raw_copper":34,"minecraft:string":55,"minecraft:iron_axe":1,"minecraft:red_candle":20,"minecraft:iron_leggings":3,"minecraft:iron_shovel":3,"minecraft:blackstone":57,"minecraft:diamond_leggings":1,"minecraft:gold_nugget":36,"minecraft:cobbled_deepslate":84,"minecraft:bucket":2,"minecraft:spruce_planks":63,"minecraft:beef":27,"minecraft:rose_bush":40,"minecraft:iron_nugget":6,"minecraft:iron_pickaxe":3,"minecraft:sugar_cane":5,"minecraft:furnace":5,"minecraft:egg":20,"minecraft:iron_boots":4,"minecraft:golden_helmet":3,"minecraft:stick":47,"minecraft:raw_iron":314,"minecraft:fire_charge":2,"minecraft:torch":129,"minecraft:spruce_fence":1,"minecraft:diorite":87,"minecraft:carrot":187,"minecraft:golden_chestplate":1,"minecraft:cauldron":4,"minecraft:diamond_chestplate":1,"minecraft:arrow":41,"minecraft:rotten_flesh":101,"minecraft:peony":45,"minecraft:shears":1,"minecraft:gold_ingot":2,"minecraft:obsidian":38,"minecraft:mutton":7,"minecraft:cobblestone":909,"minecraft:snowball":14,"minecraft:white_wool":5,"minecraft:water_bucket":1,"minecraft:basalt":237,"minecraft:feather":8,"minecraft:cooked_beef":1,"minecraft:lilac":34,"minecraft:magma_cream":3,"minecraft:glow_ink_sac":2,"minecraft:andesite":61,"minecraft:leather":20,"minecraft:golden_leggings":3,"minecraft:smoker":2,"minecraft:potato":259,"minecraft:flint":10,"minecraft:tuff":17,"minecraft:oak_log":64,"minecraft:lapis_lazuli":117,"minecraft:gunpowder":13,"minecraft:cobblestone_stairs":9,"minecraft:dirt":29,"minecraft:blue_bed":3,"minecraft:lantern":63,"minecraft:cooked_mutton":1,"minecraft:cooked_chicken":1,"minecraft:bone":41,"minecraft:apple":4,"minecraft:bow":9,"minecraft:wheat_seeds":11,"minecraft:raw_gold":37,"minecraft:stone_pickaxe":1,"minecraft:bell":2,"minecraft:iron_ingot":6,"minecraft:oak_planks":1,"minecraft:oak_slab":1,"minecraft:sweet_berries":10,"minecraft:quartz":52,"minecraft:spyglass":1,"minecraft:poisonous_potato":1,"minecraft:gravel":76,"minecraft:sand":73,"minecraft:amethyst_shard":20,"minecraft:spruce_sapling":36,"minecraft:blast_furnace":3,"minecraft:white_bed":4,"minecraft:spruce_log":134,"minecraft:spruce_door":3,"minecraft:spider_eye":4,"minecraft:barrel":1,"minecraft:slime_ball":11,"minecraft:diamond":44,"minecraft:stone_axe":1,"minecraft:chainmail_leggings":1,"minecraft:iron_helmet":3,"minecraft:diamond_axe":3,"minecraft:granite":54,"minecraft:bread":128,"minecraft:baked_potato":20,"minecraft:netherrack":132,"minecraft:oak_sapling":6,"minecraft:coal":222,"minecraft:ender_pearl":1,"minecraft:diamond_pickaxe":4},"minecraft:dropped":{"minecraft:diamond_axe":1,"minecraft:wheat_seeds":2,"minecraft:golden_helmet":1,"minecraft:mutton":2,"minecraft:iron_leggings":1,"minecraft:gold_ingot":15,"minecraft:cooked_chicken":1,"minecraft:chicken":5,"minecraft:shield":1,"minecraft:diamond_pickaxe":1,"minecraft:iron_chestplate":1,"minecraft:leather_boots":1,"minecraft:bow":1},"minecraft:killed":{"minecraft:cave_spider":3,"minecraft:spider":13,"minecraft:slime":20,"minecraft:skeleton":25,"minecraft:chicken":5,"minecraft:drowned":1,"minecraft:magma_cube":38,"minecraft:zombie_villager":1,"minecraft:bat":1,"minecraft:creeper":8,"minecraft:sheep":4,"minecraft:pillager":1,"minecraft:zombie":64,"minecraft:cow":10},"minecraft:broken":{"minecraft:golden_leggings":1,"minecraft:stone_pickaxe":1,"minecraft:shield":4,"minecraft:iron_axe":1,"minecraft:stone_axe":2,"minecraft:iron_pickaxe":2},"minecraft:crafted":{"minecraft:oak_planks":244,"minecraft:smooth_stone":9,"minecraft:barrel":3,"minecraft:leather_boots":1,"minecraft:spyglass":1,"minecraft:cooked_chicken":2,"minecraft:furnace":6,"minecraft:blast_furnace":3,"minecraft:cobblestone_stairs":92,"minecraft:stone":15,"minecraft:bone_meal":15,"minecraft:spruce_fence":12,"minecraft:flint_and_steel":1,"minecraft:glass_pane":64,"minecraft:glass":24,"minecraft:diamond_leggings":1,"minecraft:bow":1,"minecraft:iron_boots":2,"minecraft:iron_axe":2,"minecraft:spruce_slab":6,"minecraft:stone_pickaxe":1,"minecraft:chest":6,"minecraft:stone_hoe":1,"minecraft:golden_boots":1,"minecraft:smoker":2,"minecraft:cooked_beef":10,"minecraft:arrow":24,"minecraft:diamond_axe":1,"minecraft:crafting_table":2,"minecraft:spruce_planks":204,"minecraft:iron_helmet":3,"minecraft:baked_potato":121,"minecraft:wooden_pickaxe":1,"minecraft:spruce_door":3,"minecraft:copper_ingot":34,"minecraft:bucket":2,"minecraft:stone_axe":3,"minecraft:iron_chestplate":2,"minecraft:diamond_pickaxe":2,"minecraft:charcoal":5,"minecraft:shield":5,"minecraft:stick":76,"minecraft:iron_ingot":200,"minecraft:iron_pickaxe":5,"minecraft:oak_stairs":140,"minecraft:gold_ingot":17,"minecraft:iron_shovel":1,"minecraft:iron_leggings":2,"minecraft:white_bed":1,"minecraft:torch":160,"minecraft:shears":1,"minecraft:diamond_chestplate":1},"minecraft:killed_by":{"minecraft:creeper":1,"minecraft:spider":1,"minecraft:enderman":1,"minecraft:skeleton":4,"minecraft:witch":1,"minecraft:zombie":1}},"DataVersion":3953}