{"stats":{"minecraft:custom":{"minecraft:mob_kills":102,"minecraft:interact_with_crafting_table":87,"minecraft:open_barrel":86,"minecraft:fill_cauldron":10,"minecraft:bell_ring":14,"minecraft:leave_game":10,"minecraft:time_since_death":42234,"minecraft:climb_one_cm":14688,"minecraft:sprint_one_cm":957540,"minecraft:walk_one_cm":2745924,"minecraft:damage_blocked_by_shield":8014,"minecraft:drop":14,"minecraft:talked_to_villager":3,"minecraft:play_time":562085,"minecraft:sneak_time":34795,"minecraft:deaths":8,"minecraft:walk_under_water_one_cm":90895,"minecraft:boat_one_cm":9881,"minecraft:jump":4279,"minecraft:interact_with_blast_furnace":32,"minecraft:walk_on_water_one_cm":121196,"minecraft:enchant_item":4,"minecraft:total_world_time":562085,"minecraft:interact_with_furnace":56,"minecraft:sleep_in_bed":16,"minecraft:time_since_rest":42591,"minecraft:damage_taken":5937,"minecraft:damage_absorbed":30,"minecraft:damage_dealt":17170,"minecraft:swim_one_cm":31617,"minecraft:fly_one_cm":295412,"minecraft:open_chest":58,"minecraft:crouch_one_cm":63328,"minecraft:interact_with_smoker":27,"minecraft:fall_one_cm":50385,"minecraft:use_cauldron":8},"minecraft:mined":{"minecraft:tuff":13,"minecraft:spruce_planks":6,"minecraft:white_bed":3,"minecraft:deepslate_diamond_ore":26,"minecraft:cobblestone_stairs":7,"minecraft:budding_amethyst":1,"minecraft:obsidian":17,"minecraft:glow_lichen":1,"minecraft:granite":27,"minecraft:grass_block":8,"minecraft:spruce_fence":1,"minecraft:spruce_leaves":28,"minecraft:pink_wool":1,"minecraft:spawner":2,"minecraft:spruce_sapling":1,"minecraft:furnace":4,"minecraft:carrots":27,"minecraft:iron_ore":144,"minecraft:cobbled_deepslate":17,"minecraft:barrel":1,"minecraft:andesite":43,"minecraft:deepslate_lapis_ore":7,"minecraft:peony":26,"minecraft:bell":1,"minecraft:potatoes":70,"minecraft:deepslate_iron_ore":70,"minecraft:water_cauldron":2,"minecraft:oak_stairs":45,"minecraft:lantern":33,"minecraft:stone":709,"minecraft:glass_pane":1,"minecraft:amethyst_cluster":5,"minecraft:spruce_door":3,"minecraft:crafting_table":4,"minecraft:short_grass":72,"minecraft:rose_bush":22,"minecraft:tall_grass":4,"minecraft:cobblestone":20,"minecraft:deepslate_gold_ore":20,"minecraft:diorite":45,"minecraft:blue_bed":3,"minecraft:amethyst_block":41,"minecraft:seagrass":1,"minecraft:red_candle":2,"minecraft:wheat":2,"minecraft:lilac":18,"minecraft:spruce_log":126,"minecraft:oak_log":64,"minecraft:coal_ore":161,"minecraft:gravel":52,"minecraft:sand":73,"minecraft:dirt":23,"minecraft:oak_leaves":21,"minecraft:deepslate":56},"minecraft:used":{"minecraft:peony":26,"minecraft:rose_bush":22,"minecraft:iron_shovel":148,"minecraft:chest":6,"minecraft:spruce_planks":26,"minecraft:shield":148,"minecraft:bell":1,"minecraft:stone_hoe":33,"minecraft:iron_chestplate":1,"minecraft:torch":127,"minecraft:dirt":29,"minecraft:mutton":2,"minecraft:carrot":72,"minecraft:spruce_fence":13,"minecraft:snowball":7,"minecraft:obsidian":2,"minecraft:lava_bucket":6,"minecraft:lantern":13,"minecraft:iron_axe":338,"minecraft:oak_stairs":179,"minecraft:iron_boots":2,"minecraft:pink_wool":1,"minecraft:barrel":4,"minecraft:beef":6,"minecraft:bow":30,"minecraft:sweet_berries":10,"minecraft:oak_sapling":4,"minecraft:furnace":5,"minecraft:egg":9,"minecraft:potato":79,"minecraft:cooked_beef":14,"minecraft:cobbled_deepslate":49,"minecraft:iron_leggings":1,"minecraft:cooked_mutton":1,"minecraft:water_bucket":27,"minecraft:diorite":29,"minecraft:amethyst_block":1,"minecraft:cobblestone_stairs":97,"minecraft:spruce_door":5,"minecraft:stone_pickaxe":130,"minecraft:baked_potato":31,"minecraft:wooden_pickaxe":10,"minecraft:diamond_axe":75,"minecraft:cauldron":2,"minecraft:blue_bed":3,"minecraft:leather_boots":1,"minecraft:golden_apple":1,"minecraft:sand":9,"minecraft:oak_slab":1,"minecraft:crafting_table":6,"minecraft:blast_furnace":3,"minecraft:white_bed":3,"minecraft:spruce_log":49,"minecraft:smoker":2,"minecraft:oak_log":1,"minecraft:diamond_pickaxe":775,"minecraft:apple":2,"minecraft:iron_pickaxe":603,"minecraft:gravel":34,"minecraft:spruce_sapling":28,"minecraft:stone_axe":201,"minecraft:cobblestone":417,"minecraft:andesite":26,"minecraft:bucket":35,"minecraft:glass_pane":43,"minecraft:bone_meal":14},"minecraft:picked_up":{"minecraft:crafting_table":5,"minecraft:iron_chestplate":3,"minecraft:chicken":8,"minecraft:pink_wool":3,"minecraft:lead":2,"minecraft:wooden_pickaxe":3,"minecraft:oak_stairs":45,"minecraft:shield":2,"minecraft:amethyst_block":41,"minecraft:string":41,"minecraft:iron_axe":1,"minecraft:red_candle":7,"minecraft:iron_leggings":3,"minecraft:iron_shovel":2,"minecraft:cobbled_deepslate":81,"minecraft:bucket":2,"minecraft:spruce_planks":62,"minecraft:beef":27,"minecraft:rose_bush":40,"minecraft:iron_nugget":6,"minecraft:iron_pickaxe":2,"minecraft:sugar_cane":5,"minecraft:furnace":5,"minecraft:egg":13,"minecraft:iron_boots":3,"minecraft:golden_helmet":3,"minecraft:stick":42,"minecraft:raw_iron":314,"minecraft:torch":93,"minecraft:spruce_fence":1,"minecraft:diorite":87,"minecraft:carrot":123,"minecraft:golden_chestplate":1,"minecraft:cauldron":4,"minecraft:arrow":29,"minecraft:rotten_flesh":65,"minecraft:peony":45,"minecraft:shears":1,"minecraft:obsidian":17,"minecraft:mutton":7,"minecraft:cobblestone":893,"minecraft:snowball":14,"minecraft:white_wool":5,"minecraft:feather":8,"minecraft:cooked_beef":1,"minecraft:lilac":34,"minecraft:glow_ink_sac":2,"minecraft:andesite":61,"minecraft:leather":13,"minecraft:golden_leggings":3,"minecraft:potato":215,"minecraft:flint":10,"minecraft:tuff":17,"minecraft:oak_log":64,"minecraft:lapis_lazuli":86,"minecraft:gunpowder":8,"minecraft:cobblestone_stairs":9,"minecraft:dirt":29,"minecraft:blue_bed":3,"minecraft:lantern":63,"minecraft:cooked_mutton":1,"minecraft:bone":26,"minecraft:apple":2,"minecraft:bow":6,"minecraft:wheat_seeds":11,"minecraft:raw_gold":29,"minecraft:stone_pickaxe":1,"minecraft:bell":2,"minecraft:iron_ingot":6,"minecraft:oak_slab":1,"minecraft:sweet_berries":10,"minecraft:poisonous_potato":1,"minecraft:gravel":76,"minecraft:sand":73,"minecraft:amethyst_shard":20,"minecraft:spruce_sapling":35,"minecraft:white_bed":4,"minecraft:spruce_log":123,"minecraft:spruce_door":3,"minecraft:spider_eye":1,"minecraft:barrel":1,"minecraft:diamond":39,"minecraft:stone_axe":1,"minecraft:iron_helmet":2,"minecraft:diamond_axe":2,"minecraft:granite":54,"minecraft:oak_sapling":6,"minecraft:coal":181,"minecraft:diamond_pickaxe":3},"minecraft:dropped":{"minecraft:diamond_axe":1,"minecraft:wheat_seeds":2,"minecraft:golden_helmet":1,"minecraft:mutton":2,"minecraft:iron_leggings":1,"minecraft:cooked_chicken":1,"minecraft:chicken":5,"minecraft:shield":1,"minecraft:diamond_pickaxe":1,"minecraft:iron_chestplate":1,"minecraft:leather_boots":1,"minecraft:bow":1},"minecraft:killed":{"minecraft:cave_spider":3,"minecraft:spider":7,"minecraft:skeleton":16,"minecraft:chicken":4,"minecraft:drowned":1,"minecraft:zombie_villager":1,"minecraft:bat":1,"minecraft:creeper":5,"minecraft:sheep":4,"minecraft:pillager":1,"minecraft:zombie":46,"minecraft:cow":10},"minecraft:broken":{"minecraft:stone_pickaxe":1,"minecraft:shield":3,"minecraft:iron_axe":1,"minecraft:stone_axe":2,"minecraft:iron_pickaxe":2},"minecraft:crafted":{"minecraft:oak_planks":244,"minecraft:smooth_stone":9,"minecraft:barrel":3,"minecraft:leather_boots":1,"minecraft:cooked_chicken":1,"minecraft:furnace":6,"minecraft:blast_furnace":3,"minecraft:cobblestone_stairs":92,"minecraft:stone":15,"minecraft:bone_meal":15,"minecraft:spruce_fence":12,"minecraft:glass_pane":64,"minecraft:glass":24,"minecraft:diamond_leggings":1,"minecraft:bow":1,"minecraft:iron_boots":2,"minecraft:iron_axe":2,"minecraft:spruce_slab":6,"minecraft:stone_pickaxe":1,"minecraft:chest":6,"minecraft:stone_hoe":1,"minecraft:smoker":2,"minecraft:cooked_beef":10,"minecraft:arrow":24,"minecraft:diamond_axe":1,"minecraft:crafting_table":2,"minecraft:spruce_planks":204,"minecraft:iron_helmet":3,"minecraft:baked_potato":87,"minecraft:wooden_pickaxe":1,"minecraft:spruce_door":3,"minecraft:bucket":2,"minecraft:stone_axe":3,"minecraft:iron_chestplate":2,"minecraft:diamond_pickaxe":2,"minecraft:charcoal":5,"minecraft:shield":4,"minecraft:stick":64,"minecraft:iron_ingot":135,"minecraft:iron_pickaxe":4,"minecraft:oak_stairs":140,"minecraft:iron_shovel":1,"minecraft:iron_leggings":2,"minecraft:white_bed":1,"minecraft:torch":120,"minecraft:shears":1,"minecraft:diamond_chestplate":1},"minecraft:killed_by":{"minecraft:creeper":1,"minecraft:spider":1,"minecraft:skeleton":4,"minecraft:witch":1,"minecraft:zombie":1}},"DataVersion":3953}