{"stats":{"minecraft:custom":{"minecraft:mob_kills":72,"minecraft:interact_with_crafting_table":74,"minecraft:open_barrel":64,"minecraft:fill_cauldron":10,"minecraft:bell_ring":13,"minecraft:leave_game":10,"minecraft:time_since_death":45715,"minecraft:sprint_one_cm":829958,"minecraft:walk_one_cm":2233489,"minecraft:damage_blocked_by_shield":5644,"minecraft:drop":5,"minecraft:talked_to_villager":2,"minecraft:play_time":466085,"minecraft:sneak_time":25773,"minecraft:deaths":7,"minecraft:walk_under_water_one_cm":79552,"minecraft:boat_one_cm":9881,"minecraft:jump":3521,"minecraft:interact_with_blast_furnace":17,"minecraft:walk_on_water_one_cm":94921,"minecraft:total_world_time":466085,"minecraft:interact_with_furnace":55,"minecraft:sleep_in_bed":15,"minecraft:time_since_rest":6985,"minecraft:damage_taken":4892,"minecraft:damage_absorbed":30,"minecraft:damage_dealt":13196,"minecraft:swim_one_cm":31617,"minecraft:fly_one_cm":271757,"minecraft:open_chest":56,"minecraft:crouch_one_cm":34837,"minecraft:interact_with_smoker":17,"minecraft:fall_one_cm":43374,"minecraft:use_cauldron":8},"minecraft:mined":{"minecraft:tuff":12,"minecraft:spruce_planks":6,"minecraft:white_bed":3,"minecraft:deepslate_diamond_ore":23,"minecraft:cobblestone_stairs":7,"minecraft:obsidian":15,"minecraft:granite":4,"minecraft:grass_block":8,"minecraft:spruce_fence":1,"minecraft:spruce_leaves":28,"minecraft:pink_wool":1,"minecraft:spawner":2,"minecraft:spruce_sapling":1,"minecraft:furnace":4,"minecraft:carrots":27,"minecraft:iron_ore":128,"minecraft:cobbled_deepslate":14,"minecraft:barrel":1,"minecraft:andesite":43,"minecraft:peony":26,"minecraft:bell":1,"minecraft:potatoes":70,"minecraft:deepslate_iron_ore":4,"minecraft:water_cauldron":2,"minecraft:oak_stairs":45,"minecraft:lantern":33,"minecraft:stone":668,"minecraft:glass_pane":1,"minecraft:spruce_door":3,"minecraft:crafting_table":4,"minecraft:short_grass":72,"minecraft:rose_bush":22,"minecraft:tall_grass":4,"minecraft:cobblestone":17,"minecraft:deepslate_gold_ore":11,"minecraft:diorite":31,"minecraft:blue_bed":3,"minecraft:seagrass":1,"minecraft:wheat":2,"minecraft:lilac":18,"minecraft:spruce_log":118,"minecraft:oak_log":64,"minecraft:coal_ore":119,"minecraft:gravel":50,"minecraft:sand":73,"minecraft:dirt":23,"minecraft:oak_leaves":21,"minecraft:deepslate":23},"minecraft:used":{"minecraft:peony":26,"minecraft:rose_bush":22,"minecraft:iron_shovel":148,"minecraft:chest":6,"minecraft:spruce_planks":26,"minecraft:shield":102,"minecraft:bell":1,"minecraft:stone_hoe":33,"minecraft:iron_chestplate":1,"minecraft:torch":96,"minecraft:dirt":29,"minecraft:mutton":2,"minecraft:carrot":47,"minecraft:spruce_fence":13,"minecraft:snowball":7,"minecraft:lava_bucket":6,"minecraft:lantern":13,"minecraft:iron_axe":338,"minecraft:oak_stairs":179,"minecraft:iron_boots":2,"minecraft:pink_wool":1,"minecraft:barrel":4,"minecraft:beef":6,"minecraft:bow":6,"minecraft:sweet_berries":10,"minecraft:oak_sapling":4,"minecraft:furnace":5,"minecraft:egg":2,"minecraft:potato":79,"minecraft:cooked_beef":14,"minecraft:cobbled_deepslate":20,"minecraft:iron_leggings":1,"minecraft:cooked_mutton":1,"minecraft:water_bucket":26,"minecraft:diorite":4,"minecraft:cobblestone_stairs":97,"minecraft:spruce_door":5,"minecraft:stone_pickaxe":130,"minecraft:baked_potato":31,"minecraft:wooden_pickaxe":10,"minecraft:cauldron":2,"minecraft:blue_bed":3,"minecraft:leather_boots":1,"minecraft:golden_apple":1,"minecraft:sand":9,"minecraft:oak_slab":1,"minecraft:crafting_table":6,"minecraft:blast_furnace":3,"minecraft:white_bed":3,"minecraft:spruce_log":49,"minecraft:smoker":2,"minecraft:oak_log":1,"minecraft:diamond_pickaxe":459,"minecraft:apple":2,"minecraft:iron_pickaxe":603,"minecraft:spruce_sapling":28,"minecraft:stone_axe":201,"minecraft:cobblestone":257,"minecraft:andesite":1,"minecraft:bucket":33,"minecraft:glass_pane":43,"minecraft:bone_meal":14},"minecraft:picked_up":{"minecraft:crafting_table":5,"minecraft:iron_chestplate":2,"minecraft:pink_wool":3,"minecraft:lead":2,"minecraft:wooden_pickaxe":3,"minecraft:oak_stairs":45,"minecraft:shield":1,"minecraft:string":34,"minecraft:iron_axe":1,"minecraft:iron_leggings":2,"minecraft:cobbled_deepslate":35,"minecraft:bucket":1,"minecraft:spruce_planks":36,"minecraft:beef":27,"minecraft:rose_bush":40,"minecraft:iron_nugget":6,"minecraft:iron_pickaxe":2,"minecraft:sugar_cane":5,"minecraft:furnace":5,"minecraft:egg":3,"minecraft:iron_boots":2,"minecraft:golden_helmet":3,"minecraft:stick":37,"minecraft:raw_iron":168,"minecraft:torch":93,"minecraft:spruce_fence":1,"minecraft:diorite":66,"minecraft:carrot":92,"minecraft:golden_chestplate":1,"minecraft:cauldron":4,"minecraft:arrow":15,"minecraft:rotten_flesh":54,"minecraft:peony":45,"minecraft:shears":1,"minecraft:obsidian":15,"minecraft:mutton":7,"minecraft:cobblestone":845,"minecraft:snowball":14,"minecraft:white_wool":5,"minecraft:cooked_beef":1,"minecraft:lilac":34,"minecraft:glow_ink_sac":2,"minecraft:andesite":61,"minecraft:leather":13,"minecraft:golden_leggings":1,"minecraft:potato":215,"minecraft:flint":7,"minecraft:tuff":17,"minecraft:oak_log":64,"minecraft:gunpowder":3,"minecraft:cobblestone_stairs":9,"minecraft:dirt":29,"minecraft:blue_bed":3,"minecraft:lantern":63,"minecraft:cooked_mutton":1,"minecraft:bone":12,"minecraft:apple":2,"minecraft:bow":2,"minecraft:wheat_seeds":11,"minecraft:raw_gold":11,"minecraft:stone_pickaxe":1,"minecraft:bell":2,"minecraft:iron_ingot":6,"minecraft:oak_slab":1,"minecraft:sweet_berries":10,"minecraft:poisonous_potato":1,"minecraft:gravel":47,"minecraft:sand":73,"minecraft:spruce_sapling":35,"minecraft:white_bed":4,"minecraft:spruce_log":115,"minecraft:spruce_door":3,"minecraft:spider_eye":1,"minecraft:barrel":1,"minecraft:diamond":36,"minecraft:stone_axe":1,"minecraft:iron_helmet":1,"minecraft:granite":4,"minecraft:oak_sapling":5,"minecraft:coal":140,"minecraft:diamond_pickaxe":1},"minecraft:dropped":{"minecraft:wheat_seeds":2,"minecraft:golden_helmet":1,"minecraft:mutton":2,"minecraft:leather_boots":1},"minecraft:killed":{"minecraft:cave_spider":3,"minecraft:spider":4,"minecraft:skeleton":8,"minecraft:drowned":1,"minecraft:zombie_villager":1,"minecraft:creeper":2,"minecraft:sheep":4,"minecraft:pillager":1,"minecraft:zombie":35,"minecraft:cow":10},"minecraft:broken":{"minecraft:stone_pickaxe":1,"minecraft:shield":2,"minecraft:iron_axe":1,"minecraft:stone_axe":2,"minecraft:iron_pickaxe":2},"minecraft:crafted":{"minecraft:oak_planks":244,"minecraft:smooth_stone":9,"minecraft:barrel":3,"minecraft:leather_boots":1,"minecraft:furnace":6,"minecraft:blast_furnace":3,"minecraft:cobblestone_stairs":92,"minecraft:stone":15,"minecraft:bone_meal":15,"minecraft:spruce_fence":12,"minecraft:glass_pane":64,"minecraft:glass":24,"minecraft:iron_boots":1,"minecraft:iron_axe":2,"minecraft:spruce_slab":6,"minecraft:stone_pickaxe":1,"minecraft:chest":6,"minecraft:stone_hoe":1,"minecraft:smoker":2,"minecraft:cooked_beef":10,"minecraft:diamond_axe":1,"minecraft:crafting_table":2,"minecraft:spruce_planks":172,"minecraft:iron_helmet":2,"minecraft:baked_potato":87,"minecraft:wooden_pickaxe":1,"minecraft:spruce_door":3,"minecraft:bucket":1,"minecraft:stone_axe":3,"minecraft:iron_chestplate":1,"minecraft:diamond_pickaxe":2,"minecraft:charcoal":5,"minecraft:shield":3,"minecraft:stick":64,"minecraft:iron_ingot":118,"minecraft:iron_pickaxe":4,"minecraft:oak_stairs":140,"minecraft:iron_shovel":1,"minecraft:iron_leggings":1,"minecraft:white_bed":1,"minecraft:torch":100,"minecraft:shears":1},"minecraft:killed_by":{"minecraft:creeper":1,"minecraft:spider":1,"minecraft:skeleton":3,"minecraft:witch":1,"minecraft:zombie":1}},"DataVersion":3953}