{"stats":{"minecraft:picked_up":{"minecraft:iron_chestplate":5,"minecraft:chainmail_boots":1,"minecraft:diamond_sword":1,"minecraft:lead":2,"minecraft:oak_stairs":45,"minecraft:potion":1,"minecraft:amethyst_block":41,"minecraft:string":593,"minecraft:raw_copper":34,"minecraft:iron_leggings":8,"minecraft:red_candle":20,"minecraft:diamond_leggings":2,"minecraft:gold_nugget":36,"minecraft:cobbled_deepslate":107,"minecraft:bucket":2,"minecraft:spruce_planks":233,"minecraft:redstone_torch":1,"minecraft:waxed_oxidized_copper_door":1,"minecraft:rose_bush":40,"minecraft:wooden_shovel":2,"minecraft:iron_pickaxe":5,"minecraft:furnace":5,"minecraft:iron_boots":5,"minecraft:golden_helmet":3,"minecraft:tipped_arrow":2,"minecraft:stick":79,"minecraft:torch":164,"minecraft:diorite":87,"minecraft:golden_chestplate":1,"minecraft:cauldron":4,"minecraft:rotten_flesh":125,"minecraft:obsidian":38,"minecraft:snowball":14,"minecraft:cobblestone":945,"minecraft:feather":8,"minecraft:cooked_beef":5,"minecraft:lilac":34,"minecraft:magma_cream":3,"minecraft:water_bucket":2,"minecraft:andesite":61,"minecraft:golden_leggings":3,"minecraft:potato":259,"minecraft:smoker":2,"minecraft:flint":10,"minecraft:tuff":17,"minecraft:dirt":67,"minecraft:lapis_lazuli":117,"minecraft:lantern":63,"minecraft:bone":56,"minecraft:bow":9,"minecraft:wheat_seeds":11,"minecraft:raw_gold":37,"minecraft:bell":2,"minecraft:oak_planks":3,"minecraft:poisonous_potato":1,"minecraft:sand":73,"minecraft:barrel":1,"minecraft:diamond":44,"minecraft:spruce_boat":2,"minecraft:granite":54,"minecraft:bone_meal":9,"minecraft:bread":192,"minecraft:emerald":51,"minecraft:oak_sapling":52,"minecraft:netherrack":132,"minecraft:diamond_pickaxe":5,"minecraft:charcoal":8,"minecraft:crafting_table":5,"minecraft:chicken":9,"minecraft:pink_wool":3,"minecraft:wooden_pickaxe":3,"minecraft:shield":4,"minecraft:red_bed":3,"minecraft:iron_axe":2,"minecraft:flint_and_steel":2,"minecraft:iron_shovel":4,"minecraft:blackstone":57,"minecraft:beef":37,"minecraft:iron_nugget":6,"minecraft:sugar_cane":5,"minecraft:egg":24,"minecraft:raw_iron":323,"minecraft:spruce_fence":1,"minecraft:fire_charge":2,"minecraft:carrot":188,"minecraft:arrow":44,"minecraft:diamond_chestplate":5,"minecraft:peony":45,"minecraft:shears":1,"minecraft:gold_ingot":2,"minecraft:mutton":7,"minecraft:white_wool":5,"minecraft:basalt":239,"minecraft:glow_ink_sac":2,"minecraft:leather":23,"minecraft:oak_log":81,"minecraft:golden_boots":5,"minecraft:gunpowder":13,"minecraft:cobblestone_stairs":9,"minecraft:blue_bed":3,"minecraft:cooked_mutton":1,"minecraft:apple":4,"minecraft:stone_pickaxe":1,"minecraft:iron_ingot":76,"minecraft:cooked_chicken":2,"minecraft:oak_slab":1,"minecraft:sweet_berries":10,"minecraft:quartz":52,"minecraft:spyglass":2,"minecraft:gravel":76,"minecraft:amethyst_shard":20,"minecraft:spruce_sapling":41,"minecraft:blast_furnace":3,"minecraft:white_bed":6,"minecraft:spruce_log":175,"minecraft:spruce_door":3,"minecraft:spider_eye":4,"minecraft:purple_bed":3,"minecraft:slime_ball":11,"minecraft:stone_axe":1,"minecraft:chainmail_leggings":1,"minecraft:iron_helmet":9,"minecraft:diamond_axe":4,"minecraft:baked_potato":51,"minecraft:coal":269,"minecraft:ender_pearl":1},"minecraft:dropped":{"minecraft:diamond_axe":1,"minecraft:mutton":2,"minecraft:gold_ingot":15,"minecraft:cooked_chicken":1,"minecraft:leather_boots":1,"minecraft:wheat_seeds":2,"minecraft:golden_helmet":1,"minecraft:iron_leggings":1,"minecraft:chicken":5,"minecraft:shield":1,"minecraft:iron_chestplate":1,"minecraft:diamond_pickaxe":1,"minecraft:bow":1},"minecraft:used":{"minecraft:peony":26,"minecraft:iron_shovel":148,"minecraft:chest":6,"minecraft:shield":207,"minecraft:bell":1,"minecraft:iron_chestplate":2,"minecraft:mutton":2,"minecraft:carrot":108,"minecraft:snowball":7,"minecraft:obsidian":21,"minecraft:spruce_boat":4,"minecraft:lava_bucket":6,"minecraft:lantern":13,"minecraft:iron_helmet":2,"minecraft:pink_wool":1,"minecraft:bow":50,"minecraft:sweet_berries":10,"minecraft:furnace":5,"minecraft:oak_sapling":4,"minecraft:egg":10,"minecraft:potato":95,"minecraft:golden_boots":3,"minecraft:diorite":29,"minecraft:spruce_door":5,"minecraft:stone_pickaxe":130,"minecraft:wooden_pickaxe":10,"minecraft:blue_bed":3,"minecraft:diamond_axe":315,"minecraft:golden_apple":1,"minecraft:sand":9,"minecraft:blast_furnace":6,"minecraft:gravel":38,"minecraft:diamond_sword":25,"minecraft:andesite":26,"minecraft:bone_meal":14,"minecraft:rose_bush":22,"minecraft:flint_and_steel":24,"minecraft:spruce_planks":103,"minecraft:wooden_shovel":44,"minecraft:stone_hoe":33,"minecraft:netherrack":16,"minecraft:torch":136,"minecraft:dirt":51,"minecraft:spyglass":8,"minecraft:spruce_fence":13,"minecraft:granite":8,"minecraft:iron_axe":368,"minecraft:oak_stairs":179,"minecraft:red_candle":13,"minecraft:iron_boots":2,"minecraft:barrel":4,"minecraft:diamond_chestplate":1,"minecraft:basalt":3,"minecraft:beef":6,"minecraft:cooked_beef":14,"minecraft:cobbled_deepslate":54,"minecraft:iron_leggings":2,"minecraft:cooked_mutton":1,"minecraft:water_bucket":29,"minecraft:amethyst_block":1,"minecraft:cobblestone_stairs":97,"minecraft:baked_potato":63,"minecraft:cauldron":2,"minecraft:leather_boots":1,"minecraft:oak_slab":1,"minecraft:crafting_table":6,"minecraft:red_bed":1,"minecraft:white_bed":4,"minecraft:spruce_log":49,"minecraft:smoker":4,"minecraft:oak_log":1,"minecraft:diamond_pickaxe":1287,"minecraft:apple":2,"minecraft:iron_pickaxe":687,"minecraft:spruce_sapling":34,"minecraft:stone_axe":201,"minecraft:cobblestone":449,"minecraft:purple_bed":1,"minecraft:bucket":37,"minecraft:glass_pane":43},"minecraft:mined":{"minecraft:large_amethyst_bud":1,"minecraft:spruce_planks":49,"minecraft:white_bed":4,"minecraft:oak_sapling":1,"minecraft:cobblestone_stairs":7,"minecraft:obsidian":38,"minecraft:granite":27,"minecraft:budding_amethyst":1,"minecraft:grass_block":9,"minecraft:spawner":2,"minecraft:cobbled_deepslate":17,"minecraft:iron_ore":150,"minecraft:fire":21,"minecraft:barrel":1,"minecraft:deepslate_lapis_ore":7,"minecraft:water_cauldron":2,"minecraft:dirt_path":1,"minecraft:oak_stairs":45,"minecraft:red_bed":1,"minecraft:blackstone":44,"minecraft:amethyst_cluster":5,"minecraft:torch":1,"minecraft:nether_quartz_ore":45,"minecraft:cobblestone":21,"minecraft:oak_planks":2,"minecraft:wall_torch":1,"minecraft:amethyst_block":41,"minecraft:seagrass":1,"minecraft:chain":5,"minecraft:red_candle":8,"minecraft:wheat":2,"minecraft:lilac":18,"minecraft:oak_log":64,"minecraft:sand":73,"minecraft:dirt":33,"minecraft:netherrack":146,"minecraft:oak_leaves":21,"minecraft:deepslate":59,"minecraft:nether_gold_ore":8,"minecraft:tuff":13,"minecraft:deepslate_diamond_ore":31,"minecraft:glow_lichen":1,"minecraft:spruce_fence":1,"minecraft:spruce_leaves":34,"minecraft:pink_wool":1,"minecraft:spruce_sapling":1,"minecraft:furnace":4,"minecraft:carrots":43,"minecraft:andesite":43,"minecraft:peony":26,"minecraft:bell":1,"minecraft:potatoes":81,"minecraft:deepslate_iron_ore":73,"minecraft:lantern":33,"minecraft:trial_spawner":1,"minecraft:stone":751,"minecraft:glass_pane":1,"minecraft:basalt":178,"minecraft:spruce_door":3,"minecraft:crafting_table":4,"minecraft:short_grass":72,"minecraft:rose_bush":22,"minecraft:campfire":2,"minecraft:tall_grass":4,"minecraft:copper_ore":8,"minecraft:deepslate_gold_ore":28,"minecraft:diorite":45,"minecraft:blue_bed":3,"minecraft:purple_bed":1,"minecraft:redstone_torch":1,"minecraft:spruce_log":132,"minecraft:coal_ore":227,"minecraft:gravel":52,"minecraft:oak_button":1},"minecraft:broken":{"minecraft:wooden_shovel":1,"minecraft:golden_leggings":1,"minecraft:stone_pickaxe":1,"minecraft:stone_axe":2,"minecraft:shield":4,"minecraft:iron_axe":1,"minecraft:iron_pickaxe":2},"minecraft:custom":{"minecraft:animals_bred":2,"minecraft:interact_with_crafting_table":107,"minecraft:open_barrel":176,"minecraft:bell_ring":14,"minecraft:leave_game":13,"minecraft:time_since_death":8525,"minecraft:sprint_one_cm":1423789,"minecraft:damage_blocked_by_shield":11478,"minecraft:drop":29,"minecraft:talked_to_villager":50,"minecraft:play_time":831460,"minecraft:deaths":17,"minecraft:jump":6297,"minecraft:walk_on_water_one_cm":148015,"minecraft:enchant_item":6,"minecraft:interact_with_furnace":56,"minecraft:traded_with_villager":55,"minecraft:sleep_in_bed":21,"minecraft:damage_dealt":29721,"minecraft:player_kills":1,"minecraft:crouch_one_cm":86555,"minecraft:interact_with_smoker":46,"minecraft:use_cauldron":8,"minecraft:inspect_dispenser":7,"minecraft:mob_kills":232,"minecraft:fill_cauldron":10,"minecraft:climb_one_cm":21517,"minecraft:walk_one_cm":3979861,"minecraft:sneak_time":43196,"minecraft:walk_under_water_one_cm":115555,"minecraft:boat_one_cm":20112,"minecraft:interact_with_blast_furnace":55,"minecraft:total_world_time":831460,"minecraft:interact_with_stonecutter":1,"minecraft:time_since_rest":8567,"minecraft:damage_taken":10232,"minecraft:damage_absorbed":30,"minecraft:swim_one_cm":49945,"minecraft:fly_one_cm":536133,"minecraft:open_chest":114,"minecraft:fall_one_cm":70321},"minecraft:crafted":{"minecraft:oak_planks":312,"minecraft:smooth_stone":9,"minecraft:barrel":3,"minecraft:cooked_chicken":2,"minecraft:stone":15,"minecraft:cobblestone_stairs":92,"minecraft:glass":24,"minecraft:bow":1,"minecraft:diamond_leggings":1,"minecraft:iron_boots":2,"minecraft:chest":6,"minecraft:stone_hoe":1,"minecraft:golden_boots":1,"minecraft:smoker":2,"minecraft:wooden_shovel":1,"minecraft:emerald":54,"minecraft:arrow":24,"minecraft:diamond_axe":1,"minecraft:crafting_table":2,"minecraft:spruce_planks":312,"minecraft:wooden_pickaxe":1,"minecraft:baked_potato":131,"minecraft:iron_helmet":3,"minecraft:spruce_door":3,"minecraft:copper_ingot":34,"minecraft:iron_chestplate":2,"minecraft:diamond_pickaxe":2,"minecraft:charcoal":5,"minecraft:shield":6,"minecraft:stick":84,"minecraft:iron_pickaxe":6,"minecraft:iron_ingot":200,"minecraft:gold_ingot":17,"minecraft:shears":1,"minecraft:leather_boots":1,"minecraft:spyglass":1,"minecraft:furnace":6,"minecraft:blast_furnace":3,"minecraft:bone_meal":15,"minecraft:spruce_fence":12,"minecraft:glass_pane":64,"minecraft:flint_and_steel":1,"minecraft:iron_axe":3,"minecraft:spruce_slab":6,"minecraft:stone_pickaxe":1,"minecraft:spruce_boat":3,"minecraft:cooked_beef":20,"minecraft:diamond_sword":1,"minecraft:bucket":2,"minecraft:stone_axe":3,"minecraft:oak_boat":14,"minecraft:oak_stairs":140,"minecraft:iron_shovel":1,"minecraft:iron_leggings":2,"minecraft:white_bed":1,"minecraft:torch":160,"minecraft:diamond_chestplate":2},"minecraft:killed_by":{"minecraft:creeper":2,"minecraft:witch":1,"minecraft:zombie":2,"minecraft:stray":1,"minecraft:spider":1,"minecraft:enderman":1,"minecraft:iron_golem":3,"minecraft:skeleton":6},"minecraft:killed":{"minecraft:cave_spider":3,"minecraft:spider":13,"minecraft:skeleton":25,"minecraft:chicken":5,"minecraft:silverfish":3,"minecraft:magma_cube":38,"minecraft:zombie_villager":1,"minecraft:iron_golem":1,"minecraft:creeper":8,"minecraft:sheep":4,"minecraft:pillager":1,"minecraft:zombie":67,"minecraft:stray":2,"minecraft:cow":15,"minecraft:slime":20,"minecraft:drowned":1,"minecraft:husk":7,"minecraft:bat":1,"minecraft:player":1}},"DataVersion":3953}