{
  "minecraft:nether/brew_potion": {
    "criteria": {
      "potion": "2024-07-22 23:27:12 +0000"
    },
    "done": true
  },
  "minecraft:recipes/decorations/crafting_table": {
    "criteria": {
      "unlock_right_away": "2024-07-22 23:23:51 +0000"
    },
    "done": true
  },
  "minecraft:adventure/adventuring_time": {
    "criteria": {
      "minecraft:frozen_river": "2024-07-22 23:26:45 +0000",
      "minecraft:snowy_plains": "2024-07-22 23:23:52 +0000",
      "minecraft:snowy_taiga": "2024-07-22 23:26:50 +0000"
    },
    "done": false
  },
  "DataVersion": 3953
}